timestamp,container,service,cpu_percent,memory_mb
1789450412.546,research-api-nginx-1,nginx,1.87,13.29
1789450412.546,research-api-grafana-1,grafana,0.04,48.01
1789450412.546,research-api-monolith-partial-1,monolith-partial,2.9,7.023
1789450412.546,research-api-users-service-1,users-service,1.39,7.672
1789450412.546,research-api-postgres-1,postgres,3.23,31.45
1789450412.546,research-api-prometheus-1,prometheus,0.0,25.54
1789450412.546,research-api-cadvisor-1,cadvisor,0.3,15.35
1789450417.54,research-api-nginx-1,nginx,6.62,13.33
1789450417.54,research-api-grafana-1,grafana,0.04,48.09
1789450417.54,research-api-monolith-partial-1,monolith-partial,10.28,9.266
1789450417.54,research-api-users-service-1,users-service,3.79,6.977
1789450417.54,research-api-postgres-1,postgres,7.14,34.15
1789450417.54,research-api-prometheus-1,prometheus,0.15,25.8
1789450417.54,research-api-cadvisor-1,cadvisor,0.0,15.21
1789450422.539,research-api-nginx-1,nginx,11.17,14.25
1789450422.539,research-api-grafana-1,grafana,0.05,48.09
1789450422.539,research-api-monolith-partial-1,monolith-partial,20.12,10.23
1789450422.539,research-api-users-service-1,users-service,5.18,8.863
1789450422.539,research-api-postgres-1,postgres,10.42,40.77
1789450422.539,research-api-prometheus-1,prometheus,0.0,26.61
1789450422.539,research-api-cadvisor-1,cadvisor,0.0,14.97
1789450427.536,research-api-nginx-1,nginx,13.88,13.92
1789450427.536,research-api-grafana-1,grafana,0.04,48.18
1789450427.536,research-api-monolith-partial-1,monolith-partial,22.62,10.97
1789450427.536,research-api-users-service-1,users-service,7.89,9.109
1789450427.536,research-api-postgres-1,postgres,16.87,42.7
1789450427.536,research-api-prometheus-1,prometheus,0.06,26.61
1789450427.536,research-api-cadvisor-1,cadvisor,0.0,15.74
1789450432.537,research-api-nginx-1,nginx,16.16,14.57
1789450432.537,research-api-grafana-1,grafana,0.05,48.18
1789450432.537,research-api-monolith-partial-1,monolith-partial,27.25,12.59
1789450432.537,research-api-users-service-1,users-service,8.96,10.26
1789450432.537,research-api-postgres-1,postgres,16.68,48.65
1789450432.537,research-api-prometheus-1,prometheus,0.0,27.07
1789450432.537,research-api-cadvisor-1,cadvisor,0.0,15.74
1789450437.527,research-api-nginx-1,nginx,21.32,14.25
1789450437.527,research-api-grafana-1,grafana,0.75,48.43
1789450437.527,research-api-monolith-partial-1,monolith-partial,33.55,13.31
1789450437.527,research-api-users-service-1,users-service,12.53,10.53
1789450437.527,research-api-postgres-1,postgres,27.62,52.42
1789450437.527,research-api-prometheus-1,prometheus,0.12,27.09
1789450437.527,research-api-cadvisor-1,cadvisor,0.0,16.52
1789450442.54,research-api-nginx-1,nginx,18.98,14.53
1789450442.54,research-api-grafana-1,grafana,0.08,48.26
1789450442.54,research-api-monolith-partial-1,monolith-partial,29.78,14.48
1789450442.54,research-api-users-service-1,users-service,9.75,11.47
1789450442.54,research-api-postgres-1,postgres,19.06,64.73
1789450442.54,research-api-prometheus-1,prometheus,0.0,27.45
1789450442.54,research-api-cadvisor-1,cadvisor,0.0,16.53
1789450447.528,research-api-nginx-1,nginx,22.91,14.44
1789450447.528,research-api-grafana-1,grafana,0.03,48.54
1789450447.528,research-api-monolith-partial-1,monolith-partial,36.53,14.38
1789450447.528,research-api-users-service-1,users-service,13.57,11.27
1789450447.528,research-api-postgres-1,postgres,25.2,64.83
1789450447.528,research-api-prometheus-1,prometheus,0.1,27.47
1789450447.528,research-api-cadvisor-1,cadvisor,2.86,16.95
1789450452.554,research-api-nginx-1,nginx,29.31,14.77
1789450452.554,research-api-grafana-1,grafana,0.04,48.54
1789450452.554,research-api-monolith-partial-1,monolith-partial,50.88,16.38
1789450452.554,research-api-users-service-1,users-service,16.36,10.13
1789450452.554,research-api-postgres-1,postgres,32.98,65.0
1789450452.554,research-api-prometheus-1,prometheus,0.12,27.85
1789450452.554,research-api-cadvisor-1,cadvisor,0.0,16.95
1789450457.576,research-api-nginx-1,nginx,27.93,14.21
1789450457.576,research-api-grafana-1,grafana,0.04,48.55
1789450457.576,research-api-monolith-partial-1,monolith-partial,46.15,16.48
1789450457.576,research-api-users-service-1,users-service,16.25,11.39
1789450457.576,research-api-postgres-1,postgres,31.59,64.31
1789450457.576,research-api-prometheus-1,prometheus,0.1,27.85
1789450457.576,research-api-cadvisor-1,cadvisor,0.0,17.59
1789450462.551,research-api-nginx-1,nginx,28.15,14.56
1789450462.551,research-api-grafana-1,grafana,0.06,48.56
1789450462.551,research-api-monolith-partial-1,monolith-partial,45.53,15.73
1789450462.551,research-api-users-service-1,users-service,13.37,10.47
1789450462.551,research-api-postgres-1,postgres,29.23,67.26
1789450462.551,research-api-prometheus-1,prometheus,0.0,29.54
1789450462.551,research-api-cadvisor-1,cadvisor,0.0,17.59
1789450467.573,research-api-nginx-1,nginx,26.59,14.61
1789450467.573,research-api-grafana-1,grafana,0.88,48.75
1789450467.573,research-api-monolith-partial-1,monolith-partial,48.39,16.35
1789450467.573,research-api-users-service-1,users-service,12.93,11.23
1789450467.573,research-api-postgres-1,postgres,39.61,70.25
1789450467.573,research-api-prometheus-1,prometheus,1.3,31.33
1789450467.573,research-api-cadvisor-1,cadvisor,0.33,18.46
1789450472.585,research-api-nginx-1,nginx,25.27,15.45
1789450472.585,research-api-grafana-1,grafana,0.05,48.75
1789450472.585,research-api-monolith-partial-1,monolith-partial,36.31,16.73
1789450472.585,research-api-users-service-1,users-service,15.41,11.49
1789450472.585,research-api-postgres-1,postgres,32.03,71.64
1789450472.585,research-api-prometheus-1,prometheus,0.0,30.5
1789450472.585,research-api-cadvisor-1,cadvisor,0.0,18.46
1789450477.565,research-api-nginx-1,nginx,25.02,15.33
1789450477.565,research-api-grafana-1,grafana,0.04,48.83
1789450477.565,research-api-monolith-partial-1,monolith-partial,34.29,17.29
1789450477.565,research-api-users-service-1,users-service,14.73,11.16
1789450477.565,research-api-postgres-1,postgres,31.73,71.94
1789450477.565,research-api-prometheus-1,prometheus,0.15,30.71
1789450477.565,research-api-cadvisor-1,cadvisor,0.0,18.46
1789450482.575,research-api-nginx-1,nginx,21.77,16.16
1789450482.575,research-api-grafana-1,grafana,0.05,48.84
1789450482.575,research-api-monolith-partial-1,monolith-partial,36.99,17.02
1789450482.575,research-api-users-service-1,users-service,12.18,11.34
1789450482.575,research-api-postgres-1,postgres,25.85,72.34
1789450482.575,research-api-prometheus-1,prometheus,0.0,30.79
1789450482.575,research-api-cadvisor-1,cadvisor,0.0,18.46
1789450487.555,research-api-nginx-1,nginx,21.17,15.55
1789450487.555,research-api-grafana-1,grafana,0.04,48.91
1789450487.555,research-api-monolith-partial-1,monolith-partial,31.67,17.3
1789450487.555,research-api-users-service-1,users-service,12.01,12.3
1789450487.555,research-api-postgres-1,postgres,28.13,72.35
1789450487.555,research-api-prometheus-1,prometheus,0.14,30.79
1789450487.555,research-api-cadvisor-1,cadvisor,0.0,18.67
1789450492.562,research-api-nginx-1,nginx,28.76,15.97
1789450492.562,research-api-grafana-1,grafana,0.04,48.92
1789450492.562,research-api-monolith-partial-1,monolith-partial,47.81,17.11
1789450492.562,research-api-users-service-1,users-service,13.77,13.66
1789450492.562,research-api-postgres-1,postgres,31.64,72.0
1789450492.562,research-api-prometheus-1,prometheus,0.0,30.9
1789450492.562,research-api-cadvisor-1,cadvisor,0.0,18.67
1789450497.552,research-api-nginx-1,nginx,25.41,15.65
1789450497.552,research-api-grafana-1,grafana,0.07,49.0
1789450497.552,research-api-monolith-partial-1,monolith-partial,43.15,15.39
1789450497.552,research-api-users-service-1,users-service,15.9,11.71
1789450497.552,research-api-postgres-1,postgres,37.23,72.43
1789450497.552,research-api-prometheus-1,prometheus,0.15,31.12
1789450497.552,research-api-cadvisor-1,cadvisor,0.38,18.7
1789450502.546,research-api-nginx-1,nginx,25.71,16.34
1789450502.546,research-api-grafana-1,grafana,0.04,49.01
1789450502.546,research-api-monolith-partial-1,monolith-partial,39.11,16.79
1789450502.546,research-api-users-service-1,users-service,12.55,11.52
1789450502.546,research-api-postgres-1,postgres,30.09,72.22
1789450502.546,research-api-prometheus-1,prometheus,0.0,31.29
1789450502.546,research-api-cadvisor-1,cadvisor,0.0,18.7
1789450507.544,research-api-nginx-1,nginx,26.69,15.65
1789450507.544,research-api-grafana-1,grafana,0.04,49.82
1789450507.544,research-api-monolith-partial-1,monolith-partial,41.04,15.98
1789450507.544,research-api-users-service-1,users-service,16.21,12.47
1789450507.544,research-api-postgres-1,postgres,29.83,72.34
1789450507.544,research-api-prometheus-1,prometheus,0.12,31.56
1789450507.544,research-api-cadvisor-1,cadvisor,0.0,18.54
1789450512.546,research-api-nginx-1,nginx,30.43,15.49
1789450512.546,research-api-grafana-1,grafana,0.1,49.82
1789450512.546,research-api-monolith-partial-1,monolith-partial,47.79,18.8
1789450512.546,research-api-users-service-1,users-service,16.59,11.65
1789450512.546,research-api-postgres-1,postgres,20.78,72.43
1789450512.546,research-api-prometheus-1,prometheus,0.0,32.09
1789450512.546,research-api-cadvisor-1,cadvisor,0.0,18.56
1789450517.566,research-api-nginx-1,nginx,28.72,15.8
1789450517.566,research-api-grafana-1,grafana,0.07,49.82
1789450517.566,research-api-monolith-partial-1,monolith-partial,44.96,17.03
1789450517.566,research-api-users-service-1,users-service,12.5,12.02
1789450517.566,research-api-postgres-1,postgres,35.15,72.14
1789450517.566,research-api-prometheus-1,prometheus,0.12,32.1
1789450517.566,research-api-cadvisor-1,cadvisor,0.0,18.29
1789450522.553,research-api-nginx-1,nginx,26.28,15.7
1789450522.553,research-api-grafana-1,grafana,0.06,49.82
1789450522.553,research-api-monolith-partial-1,monolith-partial,40.3,17.91
1789450522.553,research-api-users-service-1,users-service,14.96,10.75
1789450522.553,research-api-postgres-1,postgres,32.0,72.18
1789450522.553,research-api-prometheus-1,prometheus,0.0,32.14
1789450522.553,research-api-cadvisor-1,cadvisor,0.0,18.29
1789450527.606,research-api-nginx-1,nginx,26.74,16.18
1789450527.606,research-api-grafana-1,grafana,0.1,49.82
1789450527.606,research-api-monolith-partial-1,monolith-partial,46.3,17.77
1789450527.606,research-api-users-service-1,users-service,17.8,12.75
1789450527.606,research-api-postgres-1,postgres,21.24,72.78
1789450527.606,research-api-prometheus-1,prometheus,1.37,32.7
1789450527.606,research-api-cadvisor-1,cadvisor,0.0,18.32
1789450532.562,research-api-nginx-1,nginx,30.12,15.95
1789450532.562,research-api-grafana-1,grafana,0.07,49.82
1789450532.562,research-api-monolith-partial-1,monolith-partial,50.99,15.98
1789450532.562,research-api-users-service-1,users-service,15.25,10.61
1789450532.562,research-api-postgres-1,postgres,33.39,72.96
1789450532.562,research-api-prometheus-1,prometheus,0.0,32.2
1789450532.562,research-api-cadvisor-1,cadvisor,0.0,18.32
1789450537.597,research-api-nginx-1,nginx,27.5,14.8
1789450537.597,research-api-grafana-1,grafana,0.64,49.84
1789450537.597,research-api-monolith-partial-1,monolith-partial,45.09,16.44
1789450537.597,research-api-users-service-1,users-service,17.69,11.46
1789450537.597,research-api-postgres-1,postgres,31.54,72.36
1789450537.597,research-api-prometheus-1,prometheus,1.36,33.69
1789450537.597,research-api-cadvisor-1,cadvisor,0.0,16.36
1789450542.599,research-api-nginx-1,nginx,27.38,15.73
1789450542.599,research-api-grafana-1,grafana,0.06,49.84
1789450542.599,research-api-monolith-partial-1,monolith-partial,49.14,17.45
1789450542.599,research-api-users-service-1,users-service,14.73,12.2
1789450542.599,research-api-postgres-1,postgres,30.34,76.39
1789450542.599,research-api-prometheus-1,prometheus,0.0,32.95
1789450542.599,research-api-cadvisor-1,cadvisor,0.0,16.36
1789450547.602,research-api-nginx-1,nginx,28.81,15.86
1789450547.602,research-api-grafana-1,grafana,0.05,49.85
1789450547.602,research-api-monolith-partial-1,monolith-partial,42.58,19.03
1789450547.602,research-api-users-service-1,users-service,15.47,12.96
1789450547.602,research-api-postgres-1,postgres,29.31,75.9
1789450547.602,research-api-prometheus-1,prometheus,1.3,33.53
1789450547.602,research-api-cadvisor-1,cadvisor,0.0,17.26
1789450552.599,research-api-nginx-1,nginx,29.14,15.73
1789450552.599,research-api-grafana-1,grafana,0.08,49.85
1789450552.599,research-api-monolith-partial-1,monolith-partial,52.39,18.18
1789450552.599,research-api-users-service-1,users-service,14.71,11.35
1789450552.599,research-api-postgres-1,postgres,30.49,76.83
1789450552.599,research-api-prometheus-1,prometheus,0.0,33.09
1789450552.599,research-api-cadvisor-1,cadvisor,0.0,17.32
1789450557.593,research-api-nginx-1,nginx,26.27,16.11
1789450557.593,research-api-grafana-1,grafana,0.1,49.85
1789450557.593,research-api-monolith-partial-1,monolith-partial,43.41,17.96
1789450557.593,research-api-users-service-1,users-service,18.04,12.02
1789450557.593,research-api-postgres-1,postgres,28.18,77.06
1789450557.593,research-api-prometheus-1,prometheus,1.25,34.34
1789450557.593,research-api-cadvisor-1,cadvisor,0.0,18.31
1789450562.59,research-api-nginx-1,nginx,28.08,15.76
1789450562.59,research-api-grafana-1,grafana,0.05,49.86
1789450562.59,research-api-monolith-partial-1,monolith-partial,42.13,17.41
1789450562.59,research-api-users-service-1,users-service,13.62,10.95
1789450562.59,research-api-postgres-1,postgres,25.87,76.86
1789450562.59,research-api-prometheus-1,prometheus,0.0,33.27
1789450562.59,research-api-cadvisor-1,cadvisor,0.0,18.31
1789450567.595,research-api-nginx-1,nginx,29.36,15.48
1789450567.595,research-api-grafana-1,grafana,1.41,50.16
1789450567.595,research-api-monolith-partial-1,monolith-partial,41.3,18.31
1789450567.595,research-api-users-service-1,users-service,18.81,12.72
1789450567.595,research-api-postgres-1,postgres,27.35,76.74
1789450567.595,research-api-prometheus-1,prometheus,1.09,33.92
1789450567.595,research-api-cadvisor-1,cadvisor,0.0,17.96
1789450572.596,research-api-nginx-1,nginx,28.24,15.86
1789450572.596,research-api-grafana-1,grafana,0.07,49.92
1789450572.596,research-api-monolith-partial-1,monolith-partial,43.34,17.7
1789450572.596,research-api-users-service-1,users-service,15.13,13.02
1789450572.596,research-api-postgres-1,postgres,28.37,77.22
1789450572.596,research-api-prometheus-1,prometheus,0.0,33.58
1789450572.596,research-api-cadvisor-1,cadvisor,0.0,17.96
1789450577.601,research-api-nginx-1,nginx,20.0,16.22
1789450577.601,research-api-grafana-1,grafana,0.04,49.93
1789450577.601,research-api-monolith-partial-1,monolith-partial,32.84,17.75
1789450577.601,research-api-users-service-1,users-service,12.46,12.5
1789450577.601,research-api-postgres-1,postgres,20.93,77.44
1789450577.601,research-api-prometheus-1,prometheus,2.75,35.1
1789450577.601,research-api-cadvisor-1,cadvisor,0.0,18.34
1789450582.599,research-api-nginx-1,nginx,30.69,15.86
1789450582.599,research-api-grafana-1,grafana,0.04,49.93
1789450582.599,research-api-monolith-partial-1,monolith-partial,48.24,17.07
1789450582.599,research-api-users-service-1,users-service,18.9,11.7
1789450582.599,research-api-postgres-1,postgres,26.49,77.74
1789450582.599,research-api-prometheus-1,prometheus,0.0,34.28
1789450582.599,research-api-cadvisor-1,cadvisor,0.0,18.34
1789450587.587,research-api-nginx-1,nginx,23.64,16.14
1789450587.587,research-api-grafana-1,grafana,0.07,49.94
1789450587.587,research-api-monolith-partial-1,monolith-partial,37.73,17.64
1789450587.587,research-api-users-service-1,users-service,12.96,11.73
1789450587.587,research-api-postgres-1,postgres,26.0,77.71
1789450587.587,research-api-prometheus-1,prometheus,1.13,34.81
1789450587.587,research-api-cadvisor-1,cadvisor,0.0,17.95
1789450592.581,research-api-nginx-1,nginx,28.81,16.48
1789450592.581,research-api-grafana-1,grafana,0.04,49.94
1789450592.581,research-api-monolith-partial-1,monolith-partial,42.92,18.21
1789450592.581,research-api-users-service-1,users-service,17.47,11.62
1789450592.581,research-api-postgres-1,postgres,29.35,77.76
1789450592.581,research-api-prometheus-1,prometheus,0.0,34.33
1789450592.581,research-api-cadvisor-1,cadvisor,0.0,17.95
1789450597.568,research-api-nginx-1,nginx,25.0,16.3
1789450597.568,research-api-grafana-1,grafana,0.42,49.94
1789450597.568,research-api-monolith-partial-1,monolith-partial,39.9,17.61
1789450597.568,research-api-users-service-1,users-service,16.46,12.72
1789450597.568,research-api-postgres-1,postgres,35.72,77.74
1789450597.568,research-api-prometheus-1,prometheus,0.86,35.11
1789450597.568,research-api-cadvisor-1,cadvisor,0.0,18.36
1789450602.576,research-api-nginx-1,nginx,28.12,15.55
1789450602.576,research-api-grafana-1,grafana,0.11,49.94
1789450602.576,research-api-monolith-partial-1,monolith-partial,48.22,17.19
1789450602.576,research-api-users-service-1,users-service,17.56,13.02
1789450602.576,research-api-postgres-1,postgres,18.52,77.47
1789450602.576,research-api-prometheus-1,prometheus,0.0,34.37
1789450602.576,research-api-cadvisor-1,cadvisor,0.0,18.36
1789450607.57,research-api-nginx-1,nginx,28.46,15.86
1789450607.57,research-api-grafana-1,grafana,0.04,49.95
1789450607.57,research-api-monolith-partial-1,monolith-partial,45.12,17.36
1789450607.57,research-api-users-service-1,users-service,15.74,12.71
1789450607.57,research-api-postgres-1,postgres,29.69,77.23
1789450607.57,research-api-prometheus-1,prometheus,0.22,35.36
1789450607.57,research-api-cadvisor-1,cadvisor,0.0,18.62
1789450612.554,research-api-nginx-1,nginx,28.49,15.68
1789450612.554,research-api-grafana-1,grafana,0.04,49.95
1789450612.554,research-api-monolith-partial-1,monolith-partial,47.07,17.18
1789450612.554,research-api-users-service-1,users-service,13.53,13.3
1789450612.554,research-api-postgres-1,postgres,29.23,78.13
1789450612.554,research-api-prometheus-1,prometheus,0.0,34.38
1789450612.554,research-api-cadvisor-1,cadvisor,0.0,18.62
1789450617.569,research-api-nginx-1,nginx,24.02,14.71
1789450617.569,research-api-grafana-1,grafana,0.1,49.95
1789450617.569,research-api-monolith-partial-1,monolith-partial,40.23,17.11
1789450617.569,research-api-users-service-1,users-service,13.11,11.95
1789450617.569,research-api-postgres-1,postgres,24.63,76.91
1789450617.569,research-api-prometheus-1,prometheus,1.16,34.87
1789450617.569,research-api-cadvisor-1,cadvisor,0.0,19.0
1789450622.595,research-api-nginx-1,nginx,30.48,15.0
1789450622.595,research-api-grafana-1,grafana,0.05,49.95
1789450622.595,research-api-monolith-partial-1,monolith-partial,51.52,17.73
1789450622.595,research-api-users-service-1,users-service,16.72,12.63
1789450622.595,research-api-postgres-1,postgres,33.79,77.45
1789450622.595,research-api-prometheus-1,prometheus,0.0,34.38
1789450622.595,research-api-cadvisor-1,cadvisor,0.0,19.0
1789450627.612,research-api-nginx-1,nginx,30.41,16.07
1789450627.612,research-api-grafana-1,grafana,0.28,44.11
1789450627.612,research-api-monolith-partial-1,monolith-partial,44.95,17.45
1789450627.612,research-api-users-service-1,users-service,16.09,12.5
1789450627.612,research-api-postgres-1,postgres,32.68,78.24
1789450627.612,research-api-prometheus-1,prometheus,1.1,35.39
1789450627.612,research-api-cadvisor-1,cadvisor,0.0,18.09
1789450632.61,research-api-nginx-1,nginx,29.41,16.22
1789450632.61,research-api-grafana-1,grafana,0.07,44.11
1789450632.61,research-api-monolith-partial-1,monolith-partial,47.44,17.04
1789450632.61,research-api-users-service-1,users-service,15.88,11.86
1789450632.61,research-api-postgres-1,postgres,25.56,78.07
1789450632.61,research-api-prometheus-1,prometheus,0.0,34.43
1789450632.61,research-api-cadvisor-1,cadvisor,0.0,18.09
1789450637.593,research-api-nginx-1,nginx,29.32,15.07
1789450637.593,research-api-grafana-1,grafana,0.06,44.11
1789450637.593,research-api-monolith-partial-1,monolith-partial,46.95,18.39
1789450637.593,research-api-users-service-1,users-service,16.62,13.16
1789450637.593,research-api-postgres-1,postgres,32.83,78.36
1789450637.593,research-api-prometheus-1,prometheus,1.37,34.93
1789450637.593,research-api-cadvisor-1,cadvisor,0.0,17.41
1789450642.578,research-api-nginx-1,nginx,29.43,15.5
1789450642.578,research-api-grafana-1,grafana,0.04,44.11
1789450642.578,research-api-monolith-partial-1,monolith-partial,48.55,17.79
1789450642.578,research-api-users-service-1,users-service,15.78,12.38
1789450642.578,research-api-postgres-1,postgres,32.91,78.48
1789450642.578,research-api-prometheus-1,prometheus,0.0,34.45
1789450642.578,research-api-cadvisor-1,cadvisor,0.0,17.41
1789450647.568,research-api-nginx-1,nginx,27.84,16.09
1789450647.568,research-api-grafana-1,grafana,0.15,44.11
1789450647.568,research-api-monolith-partial-1,monolith-partial,42.82,16.8
1789450647.568,research-api-users-service-1,users-service,17.55,12.82
1789450647.568,research-api-postgres-1,postgres,27.92,78.8
1789450647.568,research-api-prometheus-1,prometheus,0.16,34.45
1789450647.568,research-api-cadvisor-1,cadvisor,0.0,17.41
1789450652.587,research-api-nginx-1,nginx,29.07,15.89
1789450652.587,research-api-grafana-1,grafana,0.07,44.11
1789450652.587,research-api-monolith-partial-1,monolith-partial,46.6,18.27
1789450652.587,research-api-users-service-1,users-service,16.3,11.58
1789450652.587,research-api-postgres-1,postgres,28.77,77.8
1789450652.587,research-api-prometheus-1,prometheus,0.0,34.46
1789450652.587,research-api-cadvisor-1,cadvisor,0.0,17.41
1789450657.605,research-api-nginx-1,nginx,26.92,16.29
1789450657.605,research-api-grafana-1,grafana,0.05,44.11
1789450657.605,research-api-monolith-partial-1,monolith-partial,40.71,15.95
1789450657.605,research-api-users-service-1,users-service,17.65,11.85
1789450657.605,research-api-postgres-1,postgres,35.15,77.07
1789450657.605,research-api-prometheus-1,prometheus,1.36,34.96
1789450657.605,research-api-cadvisor-1,cadvisor,0.4,17.67
1789450662.613,research-api-nginx-1,nginx,29.95,15.66
1789450662.613,research-api-grafana-1,grafana,0.08,44.11
1789450662.613,research-api-monolith-partial-1,monolith-partial,47.72,17.33
1789450662.613,research-api-users-service-1,users-service,18.51,11.46
1789450662.613,research-api-postgres-1,postgres,29.57,77.58
1789450662.613,research-api-prometheus-1,prometheus,0.0,34.48
1789450662.613,research-api-cadvisor-1,cadvisor,0.0,17.67
1789450667.614,research-api-nginx-1,nginx,29.47,16.25
1789450667.614,research-api-grafana-1,grafana,0.05,44.12
1789450667.614,research-api-monolith-partial-1,monolith-partial,44.14,17.15
1789450667.614,research-api-users-service-1,users-service,16.37,12.77
1789450667.614,research-api-postgres-1,postgres,26.5,78.74
1789450667.614,research-api-prometheus-1,prometheus,1.09,34.75
1789450667.614,research-api-cadvisor-1,cadvisor,0.0,17.79
1789450672.62,research-api-nginx-1,nginx,28.58,16.38
1789450672.62,research-api-grafana-1,grafana,0.05,44.12
1789450672.62,research-api-monolith-partial-1,monolith-partial,45.03,17.7
1789450672.62,research-api-users-service-1,users-service,17.66,12.89
1789450672.62,research-api-postgres-1,postgres,28.32,78.11
1789450672.62,research-api-prometheus-1,prometheus,0.0,34.5
1789450672.62,research-api-cadvisor-1,cadvisor,0.41,18.05
1789450677.611,research-api-nginx-1,nginx,28.94,15.43
1789450677.611,research-api-grafana-1,grafana,0.06,44.12
1789450677.611,research-api-monolith-partial-1,monolith-partial,43.46,18.74
1789450677.611,research-api-users-service-1,users-service,16.85,11.85
1789450677.611,research-api-postgres-1,postgres,30.64,77.98
1789450677.611,research-api-prometheus-1,prometheus,1.22,35.02
1789450677.611,research-api-cadvisor-1,cadvisor,0.0,17.96
1789450682.611,research-api-nginx-1,nginx,26.47,16.09
1789450682.611,research-api-grafana-1,grafana,0.04,44.12
1789450682.611,research-api-monolith-partial-1,monolith-partial,44.28,18.8
1789450682.611,research-api-users-service-1,users-service,13.91,11.59
1789450682.611,research-api-postgres-1,postgres,31.25,79.19
1789450682.611,research-api-prometheus-1,prometheus,0.0,34.55
1789450682.611,research-api-cadvisor-1,cadvisor,0.0,17.96
1789450687.583,research-api-nginx-1,nginx,19.78,16.1
1789450687.583,research-api-grafana-1,grafana,1.46,44.14
1789450687.583,research-api-monolith-partial-1,monolith-partial,30.04,17.49
1789450687.583,research-api-users-service-1,users-service,12.24,12.38
1789450687.583,research-api-postgres-1,postgres,20.24,79.11
1789450687.583,research-api-prometheus-1,prometheus,0.98,35.22
1789450687.583,research-api-cadvisor-1,cadvisor,0.0,18.35
1789450692.592,research-api-nginx-1,nginx,26.38,16.5
1789450692.592,research-api-grafana-1,grafana,0.07,44.14
1789450692.592,research-api-monolith-partial-1,monolith-partial,40.97,18.6
1789450692.592,research-api-users-service-1,users-service,14.26,11.95
1789450692.592,research-api-postgres-1,postgres,26.02,78.93
1789450692.592,research-api-prometheus-1,prometheus,0.18,34.99
1789450692.592,research-api-cadvisor-1,cadvisor,0.0,18.49
1789450697.585,research-api-nginx-1,nginx,28.99,16.14
1789450697.585,research-api-grafana-1,grafana,0.05,44.14
1789450697.585,research-api-monolith-partial-1,monolith-partial,47.47,17.2
1789450697.585,research-api-users-service-1,users-service,15.92,12.66
1789450697.585,research-api-postgres-1,postgres,31.65,79.43
1789450697.585,research-api-prometheus-1,prometheus,1.26,35.73
1789450697.585,research-api-cadvisor-1,cadvisor,0.0,17.59
1789450702.579,research-api-nginx-1,nginx,31.01,15.37
1789450702.579,research-api-grafana-1,grafana,0.05,44.14
1789450702.579,research-api-monolith-partial-1,monolith-partial,51.5,17.66
1789450702.579,research-api-users-service-1,users-service,14.46,11.82
1789450702.579,research-api-postgres-1,postgres,31.16,79.07
1789450702.579,research-api-prometheus-1,prometheus,0.0,34.81
1789450702.579,research-api-cadvisor-1,cadvisor,0.0,17.59
1789450707.577,research-api-nginx-1,nginx,25.48,15.87
1789450707.577,research-api-grafana-1,grafana,0.07,44.14
1789450707.577,research-api-monolith-partial-1,monolith-partial,41.63,17.79
1789450707.577,research-api-users-service-1,users-service,14.97,12.62
1789450707.577,research-api-postgres-1,postgres,26.32,78.93
1789450707.577,research-api-prometheus-1,prometheus,0.82,35.59
1789450707.577,research-api-cadvisor-1,cadvisor,0.0,17.6
1789450712.565,research-api-nginx-1,nginx,25.44,15.67
1789450712.565,research-api-grafana-1,grafana,0.06,44.14
1789450712.565,research-api-monolith-partial-1,monolith-partial,38.05,17.24
1789450712.565,research-api-users-service-1,users-service,13.3,12.17
1789450712.565,research-api-postgres-1,postgres,26.78,79.05
1789450712.565,research-api-prometheus-1,prometheus,0.0,34.87
1789450712.565,research-api-cadvisor-1,cadvisor,0.0,17.6
1789450717.604,research-api-nginx-1,nginx,25.46,15.51
1789450717.604,research-api-grafana-1,grafana,0.04,44.14
1789450717.604,research-api-monolith-partial-1,monolith-partial,41.56,18.67
1789450717.604,research-api-users-service-1,users-service,16.56,12.06
1789450717.604,research-api-postgres-1,postgres,36.15,78.76
1789450717.604,research-api-prometheus-1,prometheus,0.88,35.62
1789450717.604,research-api-cadvisor-1,cadvisor,0.0,18.27
1789450722.614,research-api-nginx-1,nginx,24.59,16.0
1789450722.614,research-api-grafana-1,grafana,0.06,44.14
1789450722.614,research-api-monolith-partial-1,monolith-partial,42.23,18.05
1789450722.614,research-api-users-service-1,users-service,14.19,12.27
1789450722.614,research-api-postgres-1,postgres,26.76,79.3
1789450722.614,research-api-prometheus-1,prometheus,0.0,34.96
1789450722.614,research-api-cadvisor-1,cadvisor,0.0,18.27
1789450727.601,research-api-nginx-1,nginx,29.14,15.74
1789450727.601,research-api-grafana-1,grafana,0.04,44.14
1789450727.601,research-api-monolith-partial-1,monolith-partial,44.73,17.06
1789450727.601,research-api-users-service-1,users-service,16.86,12.76
1789450727.601,research-api-postgres-1,postgres,29.45,79.32
1789450727.601,research-api-prometheus-1,prometheus,0.02,34.96
1789450727.601,research-api-cadvisor-1,cadvisor,0.0,18.91
1789450732.618,research-api-nginx-1,nginx,28.55,15.94
1789450732.618,research-api-grafana-1,grafana,0.04,44.14
1789450732.618,research-api-monolith-partial-1,monolith-partial,44.6,18.66
1789450732.618,research-api-users-service-1,users-service,14.88,13.44
1789450732.618,research-api-postgres-1,postgres,28.43,79.24
1789450732.618,research-api-prometheus-1,prometheus,0.0,34.98
1789450732.618,research-api-cadvisor-1,cadvisor,0.0,18.91
1789450737.612,research-api-nginx-1,nginx,26.64,15.7
1789450737.612,research-api-grafana-1,grafana,0.1,44.14
1789450737.612,research-api-monolith-partial-1,monolith-partial,46.58,18.59
1789450737.612,research-api-users-service-1,users-service,17.4,12.92
1789450737.612,research-api-postgres-1,postgres,33.44,79.71
1789450737.612,research-api-prometheus-1,prometheus,1.29,36.21
1789450737.612,research-api-cadvisor-1,cadvisor,0.0,18.91
1789450742.598,research-api-nginx-1,nginx,25.18,16.02
1789450742.598,research-api-grafana-1,grafana,0.04,44.14
1789450742.598,research-api-monolith-partial-1,monolith-partial,38.53,17.82
1789450742.598,research-api-users-service-1,users-service,13.01,11.47
1789450742.598,research-api-postgres-1,postgres,29.47,79.53
1789450742.598,research-api-prometheus-1,prometheus,0.0,35.56
1789450742.598,research-api-cadvisor-1,cadvisor,0.0,18.91
1789450747.563,research-api-nginx-1,nginx,32.0,15.36
1789450747.563,research-api-grafana-1,grafana,0.04,44.2
1789450747.563,research-api-monolith-partial-1,monolith-partial,47.77,17.16
1789450747.563,research-api-users-service-1,users-service,18.23,12.22
1789450747.563,research-api-postgres-1,postgres,32.4,79.62
1789450747.563,research-api-prometheus-1,prometheus,0.53,36.32
1789450747.563,research-api-cadvisor-1,cadvisor,0.0,19.66
1789450752.594,research-api-nginx-1,nginx,37.23,16.4
1789450752.594,research-api-grafana-1,grafana,0.06,44.2
1789450752.594,research-api-monolith-partial-1,monolith-partial,53.66,17.99
1789450752.594,research-api-users-service-1,users-service,19.41,12.25
1789450752.594,research-api-postgres-1,postgres,35.98,79.49
1789450752.594,research-api-prometheus-1,prometheus,0.0,35.57
1789450752.594,research-api-cadvisor-1,cadvisor,0.0,19.66
1789450757.596,research-api-nginx-1,nginx,45.53,16.89
1789450757.596,research-api-grafana-1,grafana,0.04,44.2
1789450757.596,research-api-monolith-partial-1,monolith-partial,64.32,17.21
1789450757.596,research-api-users-service-1,users-service,24.32,13.19
1789450757.596,research-api-postgres-1,postgres,44.01,80.2
1789450757.596,research-api-prometheus-1,prometheus,0.88,35.81
1789450757.596,research-api-cadvisor-1,cadvisor,0.0,20.29
1789450762.578,research-api-nginx-1,nginx,58.07,16.34
1789450762.578,research-api-grafana-1,grafana,0.05,44.2
1789450762.578,research-api-monolith-partial-1,monolith-partial,74.1,18.07
1789450762.578,research-api-users-service-1,users-service,28.73,12.87
1789450762.578,research-api-postgres-1,postgres,49.52,80.09
1789450762.578,research-api-prometheus-1,prometheus,0.0,35.57
1789450762.578,research-api-cadvisor-1,cadvisor,0.0,20.29
1789450767.57,research-api-nginx-1,nginx,60.7,16.74
1789450767.57,research-api-grafana-1,grafana,0.06,44.2
1789450767.57,research-api-monolith-partial-1,monolith-partial,83.39,17.78
1789450767.57,research-api-users-service-1,users-service,31.27,12.64
1789450767.57,research-api-postgres-1,postgres,55.36,80.65
1789450767.57,research-api-prometheus-1,prometheus,0.71,36.05
1789450767.57,research-api-cadvisor-1,cadvisor,0.0,20.29
1789450772.593,research-api-nginx-1,nginx,60.19,17.64
1789450772.593,research-api-grafana-1,grafana,0.03,44.2
1789450772.593,research-api-monolith-partial-1,monolith-partial,81.47,18.25
1789450772.593,research-api-users-service-1,users-service,30.97,12.82
1789450772.593,research-api-postgres-1,postgres,60.22,81.24
1789450772.593,research-api-prometheus-1,prometheus,0.0,35.57
1789450772.593,research-api-cadvisor-1,cadvisor,0.0,20.29
1789450777.579,research-api-nginx-1,nginx,64.37,17.57
1789450777.579,research-api-grafana-1,grafana,0.03,44.2
1789450777.579,research-api-monolith-partial-1,monolith-partial,87.11,18.3
1789450777.579,research-api-users-service-1,users-service,30.58,13.04
1789450777.579,research-api-postgres-1,postgres,71.44,81.18
1789450777.579,research-api-prometheus-1,prometheus,0.61,36.07
1789450777.579,research-api-cadvisor-1,cadvisor,0.0,20.32
1789450782.586,research-api-nginx-1,nginx,62.25,18.09
1789450782.586,research-api-grafana-1,grafana,0.06,44.2
1789450782.586,research-api-monolith-partial-1,monolith-partial,86.57,18.0
1789450782.586,research-api-users-service-1,users-service,31.15,12.48
1789450782.586,research-api-postgres-1,postgres,61.67,81.45
1789450782.586,research-api-prometheus-1,prometheus,0.0,35.57
1789450782.586,research-api-cadvisor-1,cadvisor,0.0,20.32
1789450787.557,research-api-nginx-1,nginx,57.15,17.47
1789450787.557,research-api-grafana-1,grafana,0.03,44.2
1789450787.557,research-api-monolith-partial-1,monolith-partial,80.44,17.55
1789450787.557,research-api-users-service-1,users-service,30.16,12.45
1789450787.557,research-api-postgres-1,postgres,59.35,81.62
1789450787.557,research-api-prometheus-1,prometheus,0.1,35.82
1789450787.557,research-api-cadvisor-1,cadvisor,0.0,20.32
1789450792.581,research-api-nginx-1,nginx,62.02,18.39
1789450792.581,research-api-grafana-1,grafana,0.03,44.2
1789450792.581,research-api-monolith-partial-1,monolith-partial,80.08,17.67
1789450792.581,research-api-users-service-1,users-service,30.3,12.73
1789450792.581,research-api-postgres-1,postgres,59.02,81.84
1789450792.581,research-api-prometheus-1,prometheus,0.0,36.23
1789450792.581,research-api-cadvisor-1,cadvisor,0.0,20.32
1789450797.594,research-api-nginx-1,nginx,62.26,18.91
1789450797.594,research-api-grafana-1,grafana,0.06,44.21
1789450797.594,research-api-monolith-partial-1,monolith-partial,83.5,19.25
1789450797.594,research-api-users-service-1,users-service,32.68,13.28
1789450797.594,research-api-postgres-1,postgres,61.1,82.88
1789450797.594,research-api-prometheus-1,prometheus,0.64,36.96
1789450797.594,research-api-cadvisor-1,cadvisor,0.0,20.32
1789450802.594,research-api-nginx-1,nginx,61.26,18.94
1789450802.594,research-api-grafana-1,grafana,0.04,44.21
1789450802.594,research-api-monolith-partial-1,monolith-partial,84.45,18.21
1789450802.594,research-api-users-service-1,users-service,29.99,12.85
1789450802.594,research-api-postgres-1,postgres,62.36,82.61
1789450802.594,research-api-prometheus-1,prometheus,0.0,36.27
1789450802.594,research-api-cadvisor-1,cadvisor,0.0,20.32
1789450807.568,research-api-nginx-1,nginx,63.87,18.46
1789450807.568,research-api-grafana-1,grafana,1.06,44.21
1789450807.568,research-api-monolith-partial-1,monolith-partial,89.54,18.13
1789450807.568,research-api-users-service-1,users-service,31.88,13.14
1789450807.568,research-api-postgres-1,postgres,61.82,82.77
1789450807.568,research-api-prometheus-1,prometheus,0.65,37.02
1789450807.568,research-api-cadvisor-1,cadvisor,0.0,21.09
1789450812.591,research-api-nginx-1,nginx,62.15,19.04
1789450812.591,research-api-grafana-1,grafana,0.05,44.21
1789450812.591,research-api-monolith-partial-1,monolith-partial,85.7,18.14
1789450812.591,research-api-users-service-1,users-service,32.74,12.3
1789450812.591,research-api-postgres-1,postgres,61.36,82.83
1789450812.591,research-api-prometheus-1,prometheus,0.0,36.29
1789450812.591,research-api-cadvisor-1,cadvisor,0.0,21.09
1789450817.57,research-api-nginx-1,nginx,64.12,18.82
1789450817.57,research-api-grafana-1,grafana,0.04,44.21
1789450817.57,research-api-monolith-partial-1,monolith-partial,85.6,18.33
1789450817.57,research-api-users-service-1,users-service,31.58,12.54
1789450817.57,research-api-postgres-1,postgres,62.11,83.09
1789450817.57,research-api-prometheus-1,prometheus,0.63,36.79
1789450817.57,research-api-cadvisor-1,cadvisor,0.0,19.41
1789450822.572,research-api-nginx-1,nginx,63.63,18.39
1789450822.572,research-api-grafana-1,grafana,0.04,44.21
1789450822.572,research-api-monolith-partial-1,monolith-partial,85.31,17.27
1789450822.572,research-api-users-service-1,users-service,31.79,11.95
1789450822.572,research-api-postgres-1,postgres,60.53,84.06
1789450822.572,research-api-prometheus-1,prometheus,0.0,36.35
1789450822.572,research-api-cadvisor-1,cadvisor,0.0,19.41
1789450827.576,research-api-nginx-1,nginx,62.93,18.28
1789450827.576,research-api-grafana-1,grafana,0.06,44.21
1789450827.576,research-api-monolith-partial-1,monolith-partial,82.68,18.42
1789450827.576,research-api-users-service-1,users-service,32.91,13.51
1789450827.576,research-api-postgres-1,postgres,60.23,83.9
1789450827.576,research-api-prometheus-1,prometheus,0.76,36.39
1789450827.576,research-api-cadvisor-1,cadvisor,0.0,20.04
1789450832.601,research-api-nginx-1,nginx,65.76,19.08
1789450832.601,research-api-grafana-1,grafana,0.04,44.21
1789450832.601,research-api-monolith-partial-1,monolith-partial,87.56,19.03
1789450832.601,research-api-users-service-1,users-service,32.66,12.5
1789450832.601,research-api-postgres-1,postgres,66.98,85.07
1789450832.601,research-api-prometheus-1,prometheus,0.0,36.37
1789450832.601,research-api-cadvisor-1,cadvisor,0.0,20.04
1789450837.598,research-api-nginx-1,nginx,71.61,19.61
1789450837.598,research-api-grafana-1,grafana,0.04,44.21
1789450837.598,research-api-monolith-partial-1,monolith-partial,97.86,17.39
1789450837.598,research-api-users-service-1,users-service,31.94,12.15
1789450837.598,research-api-postgres-1,postgres,85.56,85.04
1789450837.598,research-api-prometheus-1,prometheus,0.72,36.64
1789450837.598,research-api-cadvisor-1,cadvisor,0.0,19.54
1789450842.607,research-api-nginx-1,nginx,66.15,18.85
1789450842.607,research-api-grafana-1,grafana,0.05,44.21
1789450842.607,research-api-monolith-partial-1,monolith-partial,88.22,18.5
1789450842.607,research-api-users-service-1,users-service,33.26,11.77
1789450842.607,research-api-postgres-1,postgres,65.73,84.84
1789450842.607,research-api-prometheus-1,prometheus,0.0,36.37
1789450842.607,research-api-cadvisor-1,cadvisor,0.0,19.54
1789450847.59,research-api-nginx-1,nginx,67.49,18.58
1789450847.59,research-api-grafana-1,grafana,0.03,44.21
1789450847.59,research-api-monolith-partial-1,monolith-partial,89.87,17.62
1789450847.59,research-api-users-service-1,users-service,33.41,13.41
1789450847.59,research-api-postgres-1,postgres,67.27,85.03
1789450847.59,research-api-prometheus-1,prometheus,0.78,36.62
1789450847.59,research-api-cadvisor-1,cadvisor,0.0,19.57
1789450852.618,research-api-nginx-1,nginx,66.75,18.83
1789450852.618,research-api-grafana-1,grafana,0.04,44.21
1789450852.618,research-api-monolith-partial-1,monolith-partial,91.25,18.31
1789450852.618,research-api-users-service-1,users-service,33.83,12.35
1789450852.618,research-api-postgres-1,postgres,68.96,86.56
1789450852.618,research-api-prometheus-1,prometheus,0.0,36.37
1789450852.618,research-api-cadvisor-1,cadvisor,0.0,19.57
1789450857.59,research-api-nginx-1,nginx,66.74,18.47
1789450857.59,research-api-grafana-1,grafana,0.04,44.22
1789450857.59,research-api-monolith-partial-1,monolith-partial,91.67,18.49
1789450857.59,research-api-users-service-1,users-service,33.13,13.32
1789450857.59,research-api-postgres-1,postgres,68.92,85.84
1789450857.59,research-api-prometheus-1,prometheus,0.97,36.63
1789450857.59,research-api-cadvisor-1,cadvisor,0.0,19.59
1789450862.608,research-api-nginx-1,nginx,64.98,19.18
1789450862.608,research-api-grafana-1,grafana,0.03,44.22
1789450862.608,research-api-monolith-partial-1,monolith-partial,86.81,18.16
1789450862.608,research-api-users-service-1,users-service,30.52,12.04
1789450862.608,research-api-postgres-1,postgres,65.29,87.05
1789450862.608,research-api-prometheus-1,prometheus,0.0,36.38
1789450862.608,research-api-cadvisor-1,cadvisor,0.0,19.59
1789450867.601,research-api-nginx-1,nginx,63.96,18.63
1789450867.601,research-api-grafana-1,grafana,3.21,44.23
1789450867.601,research-api-monolith-partial-1,monolith-partial,88.47,18.22
1789450867.601,research-api-users-service-1,users-service,36.58,13.02
1789450867.601,research-api-postgres-1,postgres,66.74,87.42
1789450867.601,research-api-prometheus-1,prometheus,0.11,36.38
1789450867.601,research-api-cadvisor-1,cadvisor,0.0,19.61
1789450872.592,research-api-nginx-1,nginx,68.41,18.7
1789450872.592,research-api-grafana-1,grafana,0.06,44.23
1789450872.592,research-api-monolith-partial-1,monolith-partial,92.61,19.11
1789450872.592,research-api-users-service-1,users-service,35.28,12.57
1789450872.592,research-api-postgres-1,postgres,67.52,87.25
1789450872.592,research-api-prometheus-1,prometheus,0.0,36.38
1789450872.592,research-api-cadvisor-1,cadvisor,0.0,19.61
1789450877.596,research-api-nginx-1,nginx,66.17,18.92
1789450877.596,research-api-grafana-1,grafana,0.39,44.23
1789450877.596,research-api-monolith-partial-1,monolith-partial,89.09,17.87
1789450877.596,research-api-users-service-1,users-service,31.79,12.99
1789450877.596,research-api-postgres-1,postgres,68.5,87.66
1789450877.596,research-api-prometheus-1,prometheus,0.75,36.88
1789450877.596,research-api-cadvisor-1,cadvisor,0.0,19.63
1789450882.612,research-api-nginx-1,nginx,64.87,18.66
1789450882.612,research-api-grafana-1,grafana,0.03,44.23
1789450882.612,research-api-monolith-partial-1,monolith-partial,87.83,18.07
1789450882.612,research-api-users-service-1,users-service,30.62,12.68
1789450882.612,research-api-postgres-1,postgres,68.3,88.02
1789450882.612,research-api-prometheus-1,prometheus,0.0,36.38
1789450882.612,research-api-cadvisor-1,cadvisor,0.0,19.64
1789450887.603,research-api-nginx-1,nginx,67.86,18.72
1789450887.603,research-api-grafana-1,grafana,0.05,44.23
1789450887.603,research-api-monolith-partial-1,monolith-partial,91.68,18.3
1789450887.603,research-api-users-service-1,users-service,33.95,12.14
1789450887.603,research-api-postgres-1,postgres,69.35,87.77
1789450887.603,research-api-prometheus-1,prometheus,0.8,37.14
1789450887.603,research-api-cadvisor-1,cadvisor,0.0,19.85
1789450892.607,research-api-nginx-1,nginx,68.72,18.63
1789450892.607,research-api-grafana-1,grafana,0.04,44.23
1789450892.607,research-api-monolith-partial-1,monolith-partial,90.04,18.99
1789450892.607,research-api-users-service-1,users-service,34.66,12.15
1789450892.607,research-api-postgres-1,postgres,68.67,88.69
1789450892.607,research-api-prometheus-1,prometheus,0.0,37.02
1789450892.607,research-api-cadvisor-1,cadvisor,0.0,19.85
1789450897.614,research-api-nginx-1,nginx,69.01,18.72
1789450897.614,research-api-grafana-1,grafana,0.03,44.23
1789450897.614,research-api-monolith-partial-1,monolith-partial,95.41,18.36
1789450897.614,research-api-users-service-1,users-service,34.57,12.96
1789450897.614,research-api-postgres-1,postgres,89.94,89.01
1789450897.614,research-api-prometheus-1,prometheus,0.68,37.03
1789450897.614,research-api-cadvisor-1,cadvisor,0.0,20.15
1789450902.62,research-api-nginx-1,nginx,63.97,18.62
1789450902.62,research-api-grafana-1,grafana,0.03,44.23
1789450902.62,research-api-monolith-partial-1,monolith-partial,85.17,18.34
1789450902.62,research-api-users-service-1,users-service,33.48,12.05
1789450902.62,research-api-postgres-1,postgres,65.33,88.44
1789450902.62,research-api-prometheus-1,prometheus,0.0,37.02
1789450902.62,research-api-cadvisor-1,cadvisor,0.0,20.15
1789450907.602,research-api-nginx-1,nginx,67.92,18.36
1789450907.602,research-api-grafana-1,grafana,0.04,44.23
1789450907.602,research-api-monolith-partial-1,monolith-partial,92.77,18.26
1789450907.602,research-api-users-service-1,users-service,34.68,13.43
1789450907.602,research-api-postgres-1,postgres,67.65,89.82
1789450907.602,research-api-prometheus-1,prometheus,0.71,37.51
1789450907.602,research-api-cadvisor-1,cadvisor,0.0,20.16
1789450912.615,research-api-nginx-1,nginx,65.42,18.56
1789450912.615,research-api-grafana-1,grafana,0.03,44.23
1789450912.615,research-api-monolith-partial-1,monolith-partial,96.27,17.84
1789450912.615,research-api-users-service-1,users-service,31.34,12.18
1789450912.615,research-api-postgres-1,postgres,67.59,90.33
1789450912.615,research-api-prometheus-1,prometheus,0.0,37.03
1789450912.615,research-api-cadvisor-1,cadvisor,0.0,20.16
1789450917.608,research-api-nginx-1,nginx,67.19,18.56
1789450917.608,research-api-grafana-1,grafana,0.07,44.23
1789450917.608,research-api-monolith-partial-1,monolith-partial,95.63,17.2
1789450917.608,research-api-users-service-1,users-service,34.13,13.36
1789450917.608,research-api-postgres-1,postgres,69.35,90.03
1789450917.608,research-api-prometheus-1,prometheus,0.58,37.05
1789450917.608,research-api-cadvisor-1,cadvisor,0.0,20.43
1789450922.603,research-api-nginx-1,nginx,67.07,18.78
1789450922.603,research-api-grafana-1,grafana,0.05,44.23
1789450922.603,research-api-monolith-partial-1,monolith-partial,89.05,18.04
1789450922.603,research-api-users-service-1,users-service,34.42,11.85
1789450922.603,research-api-postgres-1,postgres,65.89,91.12
1789450922.603,research-api-prometheus-1,prometheus,0.0,37.06
1789450922.603,research-api-cadvisor-1,cadvisor,0.0,20.43
1789450927.606,research-api-nginx-1,nginx,66.02,18.73
1789450927.606,research-api-grafana-1,grafana,0.04,44.23
1789450927.606,research-api-monolith-partial-1,monolith-partial,86.71,17.9
1789450927.606,research-api-users-service-1,users-service,32.69,12.41
1789450927.606,research-api-postgres-1,postgres,67.39,90.13
1789450927.606,research-api-prometheus-1,prometheus,1.03,37.81
1789450927.606,research-api-cadvisor-1,cadvisor,0.0,16.73
1789450932.615,research-api-nginx-1,nginx,65.8,18.41
1789450932.615,research-api-grafana-1,grafana,0.05,44.23
1789450932.615,research-api-monolith-partial-1,monolith-partial,94.21,17.98
1789450932.615,research-api-users-service-1,users-service,30.97,11.88
1789450932.615,research-api-postgres-1,postgres,67.05,93.09
1789450932.615,research-api-prometheus-1,prometheus,0.0,37.07
1789450932.615,research-api-cadvisor-1,cadvisor,0.0,16.73
1789450937.613,research-api-nginx-1,nginx,66.54,18.35
1789450937.613,research-api-grafana-1,grafana,0.03,44.23
1789450937.613,research-api-monolith-partial-1,monolith-partial,93.53,18.07
1789450937.613,research-api-users-service-1,users-service,33.81,12.45
1789450937.613,research-api-postgres-1,postgres,63.9,92.93
1789450937.613,research-api-prometheus-1,prometheus,0.67,37.07
1789450937.613,research-api-cadvisor-1,cadvisor,0.0,16.86
1789450942.602,research-api-nginx-1,nginx,65.26,18.74
1789450942.602,research-api-grafana-1,grafana,0.03,44.23
1789450942.602,research-api-monolith-partial-1,monolith-partial,87.67,17.75
1789450942.602,research-api-users-service-1,users-service,33.35,12.5
1789450942.602,research-api-postgres-1,postgres,64.07,93.49
1789450942.602,research-api-prometheus-1,prometheus,0.0,37.08
1789450942.602,research-api-cadvisor-1,cadvisor,0.0,16.86
1789450947.615,research-api-nginx-1,nginx,68.51,18.17
1789450947.615,research-api-grafana-1,grafana,0.05,44.23
1789450947.615,research-api-monolith-partial-1,monolith-partial,89.54,17.71
1789450947.615,research-api-users-service-1,users-service,34.09,13.8
1789450947.615,research-api-postgres-1,postgres,64.84,93.87
1789450947.615,research-api-prometheus-1,prometheus,0.82,38.1
1789450947.615,research-api-cadvisor-1,cadvisor,0.0,17.52
1789450952.621,research-api-nginx-1,nginx,66.29,18.43
1789450952.621,research-api-grafana-1,grafana,0.04,44.23
1789450952.621,research-api-monolith-partial-1,monolith-partial,87.43,18.8
1789450952.621,research-api-users-service-1,users-service,33.11,12.69
1789450952.621,research-api-postgres-1,postgres,60.8,94.73
1789450952.621,research-api-prometheus-1,prometheus,0.0,37.16
1789450952.621,research-api-cadvisor-1,cadvisor,0.23,17.52
1789450957.601,research-api-nginx-1,nginx,67.28,19.02
1789450957.601,research-api-grafana-1,grafana,0.04,44.23
1789450957.601,research-api-monolith-partial-1,monolith-partial,91.4,19.16
1789450957.601,research-api-users-service-1,users-service,34.88,13.15
1789450957.601,research-api-postgres-1,postgres,82.88,94.27
1789450957.601,research-api-prometheus-1,prometheus,0.77,37.41
1789450957.601,research-api-cadvisor-1,cadvisor,0.0,18.2
1789450962.607,research-api-nginx-1,nginx,66.51,18.07
1789450962.607,research-api-grafana-1,grafana,0.07,44.23
1789450962.607,research-api-monolith-partial-1,monolith-partial,87.63,18.45
1789450962.607,research-api-users-service-1,users-service,32.45,12.45
1789450962.607,research-api-postgres-1,postgres,65.19,94.94
1789450962.607,research-api-prometheus-1,prometheus,0.0,37.18
1789450962.607,research-api-cadvisor-1,cadvisor,0.0,18.2
1789450967.606,research-api-nginx-1,nginx,64.89,18.83
1789450967.606,research-api-grafana-1,grafana,0.03,44.23
1789450967.606,research-api-monolith-partial-1,monolith-partial,87.72,18.12
1789450967.606,research-api-users-service-1,users-service,34.71,13.95
1789450967.606,research-api-postgres-1,postgres,65.28,94.63
1789450967.606,research-api-prometheus-1,prometheus,0.74,37.43
1789450967.606,research-api-cadvisor-1,cadvisor,0.0,18.2
1789450972.608,research-api-nginx-1,nginx,63.82,18.59
1789450972.608,research-api-grafana-1,grafana,0.07,44.23
1789450972.608,research-api-monolith-partial-1,monolith-partial,87.17,18.26
1789450972.608,research-api-users-service-1,users-service,32.39,13.09
1789450972.608,research-api-postgres-1,postgres,62.05,95.43
1789450972.608,research-api-prometheus-1,prometheus,0.0,37.18
1789450972.608,research-api-cadvisor-1,cadvisor,0.0,18.2
1789450977.615,research-api-nginx-1,nginx,65.01,19.01
1789450977.615,research-api-grafana-1,grafana,0.05,44.23
1789450977.615,research-api-monolith-partial-1,monolith-partial,87.13,19.1
1789450977.615,research-api-users-service-1,users-service,31.99,13.22
1789450977.615,research-api-postgres-1,postgres,65.02,95.08
1789450977.615,research-api-prometheus-1,prometheus,0.73,37.43
1789450977.615,research-api-cadvisor-1,cadvisor,0.0,18.79
1789450982.618,research-api-nginx-1,nginx,67.21,18.55
1789450982.618,research-api-grafana-1,grafana,0.03,44.23
1789450982.618,research-api-monolith-partial-1,monolith-partial,95.75,18.07
1789450982.618,research-api-users-service-1,users-service,33.27,12.91
1789450982.618,research-api-postgres-1,postgres,64.77,95.82
1789450982.618,research-api-prometheus-1,prometheus,0.0,37.18
1789450982.618,research-api-cadvisor-1,cadvisor,0.0,18.79
1789450987.622,research-api-nginx-1,nginx,65.57,18.34
1789450987.622,research-api-grafana-1,grafana,0.04,43.86
1789450987.622,research-api-monolith-partial-1,monolith-partial,87.86,18.5
1789450987.622,research-api-users-service-1,users-service,34.8,13.98
1789450987.622,research-api-postgres-1,postgres,63.1,95.82
1789450987.622,research-api-prometheus-1,prometheus,0.72,37.45
1789450987.622,research-api-cadvisor-1,cadvisor,0.3,20.44
1789450992.61,research-api-nginx-1,nginx,66.85,19.33
1789450992.61,research-api-grafana-1,grafana,0.05,43.86
1789450992.61,research-api-monolith-partial-1,monolith-partial,87.85,18.3
1789450992.61,research-api-users-service-1,users-service,33.88,12.3
1789450992.61,research-api-postgres-1,postgres,63.27,96.81
1789450992.61,research-api-prometheus-1,prometheus,0.0,37.18
1789450992.61,research-api-cadvisor-1,cadvisor,0.0,20.44
1789450997.622,research-api-nginx-1,nginx,64.68,19.2
1789450997.622,research-api-grafana-1,grafana,0.04,43.86
1789450997.622,research-api-monolith-partial-1,monolith-partial,83.89,17.78
1789450997.622,research-api-users-service-1,users-service,33.94,13.87
1789450997.622,research-api-postgres-1,postgres,61.83,96.51
1789450997.622,research-api-prometheus-1,prometheus,0.74,37.67
1789450997.622,research-api-cadvisor-1,cadvisor,0.0,20.48
1789451002.615,research-api-nginx-1,nginx,65.54,18.4
1789451002.615,research-api-grafana-1,grafana,0.04,43.86
1789451002.615,research-api-monolith-partial-1,monolith-partial,84.97,18.28
1789451002.615,research-api-users-service-1,users-service,33.49,12.43
1789451002.615,research-api-postgres-1,postgres,63.41,96.55
1789451002.615,research-api-prometheus-1,prometheus,0.0,37.18
1789451002.615,research-api-cadvisor-1,cadvisor,0.0,20.48
1789451007.649,research-api-nginx-1,nginx,65.17,18.38
1789451007.649,research-api-grafana-1,grafana,0.08,43.86
1789451007.649,research-api-monolith-partial-1,monolith-partial,90.04,19.21
1789451007.649,research-api-users-service-1,users-service,32.19,12.87
1789451007.649,research-api-postgres-1,postgres,65.21,97.36
1789451007.649,research-api-prometheus-1,prometheus,0.66,37.2
1789451007.649,research-api-cadvisor-1,cadvisor,0.0,20.27
1789451012.616,research-api-nginx-1,nginx,65.06,18.29
1789451012.616,research-api-grafana-1,grafana,0.03,43.86
1789451012.616,research-api-monolith-partial-1,monolith-partial,90.64,18.18
1789451012.616,research-api-users-service-1,users-service,31.69,12.81
1789451012.616,research-api-postgres-1,postgres,64.13,97.66
1789451012.616,research-api-prometheus-1,prometheus,0.0,37.18
1789451012.616,research-api-cadvisor-1,cadvisor,0.0,20.27
1789451017.631,research-api-nginx-1,nginx,68.4,18.96
1789451017.631,research-api-grafana-1,grafana,0.39,43.86
1789451017.631,research-api-monolith-partial-1,monolith-partial,95.53,17.89
1789451017.631,research-api-users-service-1,users-service,36.1,13.3
1789451017.631,research-api-postgres-1,postgres,82.34,98.45
1789451017.631,research-api-prometheus-1,prometheus,0.0,37.18
1789451017.631,research-api-cadvisor-1,cadvisor,0.0,20.28
1789451022.611,research-api-nginx-1,nginx,67.5,18.87
1789451022.611,research-api-grafana-1,grafana,0.05,43.86
1789451022.611,research-api-monolith-partial-1,monolith-partial,92.09,17.88
1789451022.611,research-api-users-service-1,users-service,32.28,12.99
1789451022.611,research-api-postgres-1,postgres,67.28,98.11
1789451022.611,research-api-prometheus-1,prometheus,0.0,37.18
1789451022.611,research-api-cadvisor-1,cadvisor,0.0,20.28
1789451027.634,research-api-nginx-1,nginx,65.94,18.52
1789451027.634,research-api-grafana-1,grafana,0.29,43.86
1789451027.634,research-api-monolith-partial-1,monolith-partial,90.56,19.0
1789451027.634,research-api-users-service-1,users-service,30.96,13.52
1789451027.634,research-api-postgres-1,postgres,65.83,98.55
1789451027.634,research-api-prometheus-1,prometheus,0.78,37.43
1789451027.634,research-api-cadvisor-1,cadvisor,0.0,20.67
1789451032.611,research-api-nginx-1,nginx,67.04,18.92
1789451032.611,research-api-grafana-1,grafana,0.04,43.86
1789451032.611,research-api-monolith-partial-1,monolith-partial,92.61,17.78
1789451032.611,research-api-users-service-1,users-service,30.79,13.23
1789451032.611,research-api-postgres-1,postgres,65.68,99.26
1789451032.611,research-api-prometheus-1,prometheus,0.0,37.18
1789451032.611,research-api-cadvisor-1,cadvisor,0.0,20.67
1789451037.644,research-api-nginx-1,nginx,62.88,18.25
1789451037.644,research-api-grafana-1,grafana,0.05,43.86
1789451037.644,research-api-monolith-partial-1,monolith-partial,81.37,18.35
1789451037.644,research-api-users-service-1,users-service,32.82,13.28
1789451037.644,research-api-postgres-1,postgres,64.08,99.37
1789451037.644,research-api-prometheus-1,prometheus,0.57,37.25
1789451037.644,research-api-cadvisor-1,cadvisor,0.0,20.73
1789451042.611,research-api-nginx-1,nginx,65.66,18.84
1789451042.611,research-api-grafana-1,grafana,0.04,43.86
1789451042.611,research-api-monolith-partial-1,monolith-partial,88.3,17.77
1789451042.611,research-api-users-service-1,users-service,33.65,12.56
1789451042.611,research-api-postgres-1,postgres,62.4,98.76
1789451042.611,research-api-prometheus-1,prometheus,0.0,37.23
1789451042.611,research-api-cadvisor-1,cadvisor,0.0,20.73
1789451047.635,research-api-nginx-1,nginx,69.85,18.08
1789451047.635,research-api-grafana-1,grafana,0.03,43.87
1789451047.635,research-api-monolith-partial-1,monolith-partial,96.49,18.45
1789451047.635,research-api-users-service-1,users-service,34.85,13.25
1789451047.635,research-api-postgres-1,postgres,63.7,100.2
1789451047.635,research-api-prometheus-1,prometheus,0.77,37.28
1789451047.635,research-api-cadvisor-1,cadvisor,0.0,19.45
1789451052.642,research-api-nginx-1,nginx,67.6,18.82
1789451052.642,research-api-grafana-1,grafana,0.03,43.87
1789451052.642,research-api-monolith-partial-1,monolith-partial,98.81,18.66
1789451052.642,research-api-users-service-1,users-service,31.45,12.87
1789451052.642,research-api-postgres-1,postgres,65.34,100.4
1789451052.642,research-api-prometheus-1,prometheus,0.0,37.28
1789451052.642,research-api-cadvisor-1,cadvisor,0.0,19.45
1789451057.633,research-api-nginx-1,nginx,64.48,18.82
1789451057.633,research-api-grafana-1,grafana,0.03,43.87
1789451057.633,research-api-monolith-partial-1,monolith-partial,86.27,18.07
1789451057.633,research-api-users-service-1,users-service,31.53,12.38
1789451057.633,research-api-postgres-1,postgres,64.39,101.0
1789451057.633,research-api-prometheus-1,prometheus,0.74,37.56
1789451057.633,research-api-cadvisor-1,cadvisor,0.0,20.08
1789451062.642,research-api-nginx-1,nginx,69.55,18.09
1789451062.642,research-api-grafana-1,grafana,0.03,43.87
1789451062.642,research-api-monolith-partial-1,monolith-partial,91.57,18.5
1789451062.642,research-api-users-service-1,users-service,36.05,12.65
1789451062.642,research-api-postgres-1,postgres,61.99,100.7
1789451062.642,research-api-prometheus-1,prometheus,0.0,37.3
1789451062.642,research-api-cadvisor-1,cadvisor,0.0,20.08
1789451067.645,research-api-nginx-1,nginx,65.76,18.84
1789451067.645,research-api-grafana-1,grafana,0.07,43.87
1789451067.645,research-api-monolith-partial-1,monolith-partial,85.93,18.18
1789451067.645,research-api-users-service-1,users-service,33.65,13.79
1789451067.645,research-api-postgres-1,postgres,64.51,101.3
1789451067.645,research-api-prometheus-1,prometheus,0.0,35.76
1789451067.645,research-api-cadvisor-1,cadvisor,0.0,19.61
1789451072.63,research-api-nginx-1,nginx,74.15,19.34
1789451072.63,research-api-grafana-1,grafana,0.04,43.87
1789451072.63,research-api-monolith-partial-1,monolith-partial,106.21,18.37
1789451072.63,research-api-users-service-1,users-service,35.64,12.6
1789451072.63,research-api-postgres-1,postgres,72.41,101.9
1789451072.63,research-api-prometheus-1,prometheus,0.0,35.76
1789451072.63,research-api-cadvisor-1,cadvisor,0.0,19.61
1789451077.654,research-api-nginx-1,nginx,111.32,19.96
1789451077.654,research-api-grafana-1,grafana,0.04,43.86
1789451077.654,research-api-monolith-partial-1,monolith-partial,143.08,18.38
1789451077.654,research-api-users-service-1,users-service,54.09,14.0
1789451077.654,research-api-postgres-1,postgres,129.19,102.6
1789451077.654,research-api-prometheus-1,prometheus,1.05,36.4
1789451077.654,research-api-cadvisor-1,cadvisor,0.0,19.68
1789451082.727,research-api-nginx-1,nginx,138.96,19.65
1789451082.727,research-api-grafana-1,grafana,0.06,43.87
1789451082.727,research-api-monolith-partial-1,monolith-partial,176.22,19.02
1789451082.727,research-api-users-service-1,users-service,67.9,12.77
1789451082.727,research-api-postgres-1,postgres,120.61,103.9
1789451082.727,research-api-prometheus-1,prometheus,0.0,36.39
1789451082.727,research-api-cadvisor-1,cadvisor,0.0,19.67
1789451087.736,research-api-nginx-1,nginx,153.07,20.31
1789451087.736,research-api-grafana-1,grafana,0.04,43.87
1789451087.736,research-api-monolith-partial-1,monolith-partial,193.24,19.86
1789451087.736,research-api-users-service-1,users-service,71.96,13.4
1789451087.736,research-api-postgres-1,postgres,133.99,104.8
1789451087.736,research-api-prometheus-1,prometheus,0.97,36.64
1789451087.736,research-api-cadvisor-1,cadvisor,0.0,19.5
1789451092.769,research-api-nginx-1,nginx,505.07,21.2
1789451092.769,research-api-grafana-1,grafana,0.06,43.87
1789451092.769,research-api-monolith-partial-1,monolith-partial,144.78,24.06
1789451092.769,research-api-users-service-1,users-service,41.84,16.6
1789451092.769,research-api-postgres-1,postgres,92.92,110.6
1789451092.769,research-api-prometheus-1,prometheus,0.0,36.39
1789451092.769,research-api-cadvisor-1,cadvisor,0.0,19.5
1789451097.818,research-api-nginx-1,nginx,188.73,20.57
1789451097.818,research-api-grafana-1,grafana,0.34,43.87
1789451097.818,research-api-monolith-partial-1,monolith-partial,199.59,22.63
1789451097.818,research-api-users-service-1,users-service,72.97,15.34
1789451097.818,research-api-postgres-1,postgres,146.24,110.6
1789451097.818,research-api-prometheus-1,prometheus,0.86,37.05
1789451097.818,research-api-cadvisor-1,cadvisor,0.0,19.5
1789451102.764,research-api-nginx-1,nginx,521.1,23.78
1789451102.764,research-api-grafana-1,grafana,0.05,43.87
1789451102.764,research-api-monolith-partial-1,monolith-partial,141.83,23.62
1789451102.764,research-api-users-service-1,users-service,75.33,15.75
1789451102.764,research-api-postgres-1,postgres,98.06,110.6
1789451102.764,research-api-prometheus-1,prometheus,0.0,37.03
1789451102.764,research-api-cadvisor-1,cadvisor,0.0,19.13
1789451107.804,research-api-nginx-1,nginx,642.02,22.43
1789451107.804,research-api-grafana-1,grafana,0.04,43.87
1789451107.804,research-api-monolith-partial-1,monolith-partial,100.98,23.56
1789451107.804,research-api-users-service-1,users-service,32.26,17.37
1789451107.804,research-api-postgres-1,postgres,77.06,110.8
1789451107.804,research-api-prometheus-1,prometheus,0.81,37.28
1789451107.804,research-api-cadvisor-1,cadvisor,0.0,17.95
1789451112.858,research-api-nginx-1,nginx,689.02,24.36
1789451112.858,research-api-grafana-1,grafana,0.06,43.87
1789451112.858,research-api-monolith-partial-1,monolith-partial,101.66,23.84
1789451112.858,research-api-users-service-1,users-service,32.4,16.71
1789451112.858,research-api-postgres-1,postgres,66.26,111.2
1789451112.858,research-api-prometheus-1,prometheus,0.0,37.03
1789451112.858,research-api-cadvisor-1,cadvisor,0.0,17.95
1789451117.833,research-api-nginx-1,nginx,247.04,22.05
1789451117.833,research-api-grafana-1,grafana,0.05,43.87
1789451117.833,research-api-monolith-partial-1,monolith-partial,157.94,23.12
1789451117.833,research-api-users-service-1,users-service,65.47,16.78
1789451117.833,research-api-postgres-1,postgres,135.09,112.0
1789451117.833,research-api-prometheus-1,prometheus,0.77,37.25
1789451117.833,research-api-cadvisor-1,cadvisor,0.0,17.95
1789451122.843,research-api-nginx-1,nginx,350.88,23.33
1789451122.843,research-api-grafana-1,grafana,0.04,43.87
1789451122.843,research-api-monolith-partial-1,monolith-partial,174.62,23.87
1789451122.843,research-api-users-service-1,users-service,58.32,16.63
1789451122.843,research-api-postgres-1,postgres,132.84,112.6
1789451122.843,research-api-prometheus-1,prometheus,0.0,37.03
1789451122.843,research-api-cadvisor-1,cadvisor,0.0,17.95
1789451127.827,research-api-nginx-1,nginx,666.54,23.44
1789451127.827,research-api-grafana-1,grafana,0.07,43.87
1789451127.827,research-api-monolith-partial-1,monolith-partial,128.83,24.09
1789451127.827,research-api-users-service-1,users-service,36.38,16.86
1789451127.827,research-api-postgres-1,postgres,148.4,113.3
1789451127.827,research-api-prometheus-1,prometheus,0.7,37.03
1789451127.827,research-api-cadvisor-1,cadvisor,0.0,17.98
1789451132.827,research-api-nginx-1,nginx,687.36,23.7
1789451132.827,research-api-grafana-1,grafana,0.05,43.87
1789451132.827,research-api-monolith-partial-1,monolith-partial,104.33,23.39
1789451132.827,research-api-users-service-1,users-service,34.49,16.72
1789451132.827,research-api-postgres-1,postgres,69.39,113.8
1789451132.827,research-api-prometheus-1,prometheus,0.0,37.03
1789451132.827,research-api-cadvisor-1,cadvisor,0.0,18.03
1789451137.831,research-api-nginx-1,nginx,500.74,20.47
1789451137.831,research-api-grafana-1,grafana,0.4,43.87
1789451137.831,research-api-monolith-partial-1,monolith-partial,115.96,24.38
1789451137.831,research-api-users-service-1,users-service,36.23,16.52
1789451137.831,research-api-postgres-1,postgres,92.08,115.7
1789451137.831,research-api-prometheus-1,prometheus,1.1,37.66
1789451137.831,research-api-cadvisor-1,cadvisor,0.0,18.64
1789451142.765,research-api-nginx-1,nginx,176.69,21.18
1789451142.765,research-api-grafana-1,grafana,0.08,43.87
1789451142.765,research-api-monolith-partial-1,monolith-partial,215.74,23.32
1789451142.765,research-api-users-service-1,users-service,71.6,16.13
1789451142.765,research-api-postgres-1,postgres,162.21,114.5
1789451142.765,research-api-prometheus-1,prometheus,0.0,37.66
1789451142.765,research-api-cadvisor-1,cadvisor,0.0,18.64
1789451147.824,research-api-nginx-1,nginx,167.31,20.84
1789451147.824,research-api-grafana-1,grafana,0.05,43.88
1789451147.824,research-api-monolith-partial-1,monolith-partial,205.16,26.57
1789451147.824,research-api-users-service-1,users-service,74.03,13.85
1789451147.824,research-api-postgres-1,postgres,158.16,115.2
1789451147.824,research-api-prometheus-1,prometheus,0.84,37.66
1789451147.824,research-api-cadvisor-1,cadvisor,0.0,19.56
1789451152.823,research-api-nginx-1,nginx,166.94,22.04
1789451152.823,research-api-grafana-1,grafana,0.05,43.88
1789451152.823,research-api-monolith-partial-1,monolith-partial,204.88,22.62
1789451152.823,research-api-users-service-1,users-service,74.82,15.82
1789451152.823,research-api-postgres-1,postgres,156.15,115.8
1789451152.823,research-api-prometheus-1,prometheus,0.0,37.66
1789451152.823,research-api-cadvisor-1,cadvisor,0.0,19.56
1789451157.825,research-api-nginx-1,nginx,669.18,22.74
1789451157.825,research-api-grafana-1,grafana,0.06,43.88
1789451157.825,research-api-monolith-partial-1,monolith-partial,134.33,23.4
1789451157.825,research-api-users-service-1,users-service,33.83,17.32
1789451157.825,research-api-postgres-1,postgres,84.18,116.1
1789451157.825,research-api-prometheus-1,prometheus,0.82,37.9
1789451157.825,research-api-cadvisor-1,cadvisor,0.0,19.63
1789451162.807,research-api-nginx-1,nginx,289.05,22.24
1789451162.807,research-api-grafana-1,grafana,0.04,43.88
1789451162.807,research-api-monolith-partial-1,monolith-partial,104.85,24.23
1789451162.807,research-api-users-service-1,users-service,55.84,15.99
1789451162.807,research-api-postgres-1,postgres,137.71,116.8
1789451162.807,research-api-prometheus-1,prometheus,0.0,37.66
1789451162.807,research-api-cadvisor-1,cadvisor,0.0,19.63
1789451167.826,research-api-nginx-1,nginx,203.5,21.67
1789451167.826,research-api-grafana-1,grafana,0.08,43.88
1789451167.826,research-api-monolith-partial-1,monolith-partial,214.78,23.48
1789451167.826,research-api-users-service-1,users-service,81.89,15.85
1789451167.826,research-api-postgres-1,postgres,166.02,117.4
1789451167.826,research-api-prometheus-1,prometheus,1.11,37.92
1789451167.826,research-api-cadvisor-1,cadvisor,0.0,19.99
1789451172.849,research-api-nginx-1,nginx,295.99,21.61
1789451172.849,research-api-grafana-1,grafana,0.08,43.88
1789451172.849,research-api-monolith-partial-1,monolith-partial,89.98,25.18
1789451172.849,research-api-users-service-1,users-service,33.09,16.32
1789451172.849,research-api-postgres-1,postgres,82.7,117.6
1789451172.849,research-api-prometheus-1,prometheus,0.0,37.68
1789451172.849,research-api-cadvisor-1,cadvisor,0.0,19.99
1789451177.89,research-api-nginx-1,nginx,659.48,24.0
1789451177.89,research-api-grafana-1,grafana,0.07,43.88
1789451177.89,research-api-monolith-partial-1,monolith-partial,120.68,23.71
1789451177.89,research-api-users-service-1,users-service,32.17,18.02
1789451177.89,research-api-postgres-1,postgres,81.94,117.8
1789451177.89,research-api-prometheus-1,prometheus,0.67,37.68
1789451177.89,research-api-cadvisor-1,cadvisor,0.0,20.0
1789451182.803,research-api-nginx-1,nginx,560.77,20.4
1789451182.803,research-api-grafana-1,grafana,0.04,43.88
1789451182.803,research-api-monolith-partial-1,monolith-partial,116.16,29.67
1789451182.803,research-api-users-service-1,users-service,41.44,16.16
1789451182.803,research-api-postgres-1,postgres,94.88,118.8
1789451182.803,research-api-prometheus-1,prometheus,0.0,37.68
1789451182.803,research-api-cadvisor-1,cadvisor,0.0,20.01
1789451187.881,research-api-nginx-1,nginx,173.76,21.43
1789451187.881,research-api-grafana-1,grafana,0.08,43.88
1789451187.881,research-api-monolith-partial-1,monolith-partial,202.37,24.48
1789451187.881,research-api-users-service-1,users-service,70.03,17.57
1789451187.881,research-api-postgres-1,postgres,163.08,119.2
1789451187.881,research-api-prometheus-1,prometheus,0.9,36.75
1789451187.881,research-api-cadvisor-1,cadvisor,0.0,20.05
1789451192.89,research-api-nginx-1,nginx,674.77,22.84
1789451192.89,research-api-grafana-1,grafana,0.04,43.88
1789451192.89,research-api-monolith-partial-1,monolith-partial,115.08,24.68
1789451192.89,research-api-users-service-1,users-service,33.33,16.85
1789451192.89,research-api-postgres-1,postgres,83.1,118.7
1789451192.89,research-api-prometheus-1,prometheus,0.0,36.5
1789451192.89,research-api-cadvisor-1,cadvisor,0.0,20.05
1789451197.873,research-api-nginx-1,nginx,638.82,25.23
1789451197.873,research-api-grafana-1,grafana,0.05,43.88
1789451197.873,research-api-monolith-partial-1,monolith-partial,100.67,25.81
1789451197.873,research-api-users-service-1,users-service,33.93,17.66
1789451197.873,research-api-postgres-1,postgres,102.49,119.9
1789451197.873,research-api-prometheus-1,prometheus,0.77,36.5
1789451197.873,research-api-cadvisor-1,cadvisor,0.0,20.16
1789451202.908,research-api-nginx-1,nginx,681.9,24.77
1789451202.908,research-api-grafana-1,grafana,0.06,43.88
1789451202.908,research-api-monolith-partial-1,monolith-partial,107.29,25.62
1789451202.908,research-api-users-service-1,users-service,32.65,15.95
1789451202.908,research-api-postgres-1,postgres,72.07,119.8
1789451202.908,research-api-prometheus-1,prometheus,0.0,36.5
1789451202.908,research-api-cadvisor-1,cadvisor,0.0,20.16
1789451207.882,research-api-nginx-1,nginx,288.5,20.21
1789451207.882,research-api-grafana-1,grafana,0.04,43.88
1789451207.882,research-api-monolith-partial-1,monolith-partial,169.69,24.24
1789451207.882,research-api-users-service-1,users-service,62.3,16.09
1789451207.882,research-api-postgres-1,postgres,136.55,121.3
1789451207.882,research-api-prometheus-1,prometheus,0.79,36.75
1789451207.882,research-api-cadvisor-1,cadvisor,0.0,20.17
1789451212.91,research-api-nginx-1,nginx,167.15,20.75
1789451212.91,research-api-grafana-1,grafana,0.06,43.88
1789451212.91,research-api-monolith-partial-1,monolith-partial,193.22,23.23
1789451212.91,research-api-users-service-1,users-service,73.59,15.79
1789451212.91,research-api-postgres-1,postgres,153.84,121.2
1789451212.91,research-api-prometheus-1,prometheus,0.0,36.51
1789451212.91,research-api-cadvisor-1,cadvisor,0.01,20.17
1789451217.872,research-api-nginx-1,nginx,177.92,20.88
1789451217.872,research-api-grafana-1,grafana,0.06,43.89
1789451217.872,research-api-monolith-partial-1,monolith-partial,219.55,21.15
1789451217.872,research-api-users-service-1,users-service,79.12,17.3
1789451217.872,research-api-postgres-1,postgres,169.2,121.3
1789451217.872,research-api-prometheus-1,prometheus,0.84,36.52
1789451217.872,research-api-cadvisor-1,cadvisor,0.0,20.77
1789451222.896,research-api-nginx-1,nginx,664.28,22.91
1789451222.896,research-api-grafana-1,grafana,0.04,43.89
1789451222.896,research-api-monolith-partial-1,monolith-partial,120.1,24.86
1789451222.896,research-api-users-service-1,users-service,33.52,16.21
1789451222.896,research-api-postgres-1,postgres,86.88,122.2
1789451222.896,research-api-prometheus-1,prometheus,0.0,36.51
1789451222.896,research-api-cadvisor-1,cadvisor,0.0,20.77
1789451227.866,research-api-nginx-1,nginx,549.99,21.58
1789451227.866,research-api-grafana-1,grafana,0.04,43.9
1789451227.866,research-api-monolith-partial-1,monolith-partial,104.13,23.46
1789451227.866,research-api-users-service-1,users-service,44.15,17.91
1789451227.866,research-api-postgres-1,postgres,95.63,123.1
1789451227.866,research-api-prometheus-1,prometheus,0.89,36.76
1789451227.866,research-api-cadvisor-1,cadvisor,0.89,21.42
1789451232.918,research-api-nginx-1,nginx,185.89,21.15
1789451232.918,research-api-grafana-1,grafana,0.06,43.9
1789451232.918,research-api-monolith-partial-1,monolith-partial,211.01,24.16
1789451232.918,research-api-users-service-1,users-service,71.81,15.28
1789451232.918,research-api-postgres-1,postgres,155.84,123.3
1789451232.918,research-api-prometheus-1,prometheus,0.0,36.52
1789451232.918,research-api-cadvisor-1,cadvisor,0.0,21.44
1789451237.88,research-api-nginx-1,nginx,534.94,23.25
1789451237.88,research-api-grafana-1,grafana,0.02,43.9
1789451237.88,research-api-monolith-partial-1,monolith-partial,147.9,24.61
1789451237.88,research-api-users-service-1,users-service,42.84,16.86
1789451237.88,research-api-postgres-1,postgres,101.24,123.9
1789451237.88,research-api-prometheus-1,prometheus,0.0,36.52
1789451237.88,research-api-cadvisor-1,cadvisor,0.0,21.75
1789451242.895,research-api-nginx-1,nginx,653.71,24.41
1789451242.895,research-api-grafana-1,grafana,0.03,43.9
1789451242.895,research-api-monolith-partial-1,monolith-partial,100.27,24.06
1789451242.895,research-api-users-service-1,users-service,60.6,16.3
1789451242.895,research-api-postgres-1,postgres,72.93,123.8
1789451242.895,research-api-prometheus-1,prometheus,0.0,36.52
1789451242.895,research-api-cadvisor-1,cadvisor,0.0,21.75
1789451247.882,research-api-nginx-1,nginx,670.39,23.2
1789451247.882,research-api-grafana-1,grafana,0.04,43.9
1789451247.882,research-api-monolith-partial-1,monolith-partial,95.57,24.89
1789451247.882,research-api-users-service-1,users-service,31.4,17.43
1789451247.882,research-api-postgres-1,postgres,71.98,124.3
1789451247.882,research-api-prometheus-1,prometheus,0.89,36.52
1789451247.882,research-api-cadvisor-1,cadvisor,0.0,21.88
1789451252.92,research-api-nginx-1,nginx,327.81,21.49
1789451252.92,research-api-grafana-1,grafana,0.03,43.9
1789451252.92,research-api-monolith-partial-1,monolith-partial,169.98,24.38
1789451252.92,research-api-users-service-1,users-service,59.72,16.25
1789451252.92,research-api-postgres-1,postgres,126.47,124.9
1789451252.92,research-api-prometheus-1,prometheus,0.0,36.52
1789451252.92,research-api-cadvisor-1,cadvisor,0.0,21.88
1789451257.946,research-api-nginx-1,nginx,241.17,24.12
1789451257.946,research-api-grafana-1,grafana,0.04,43.9
1789451257.946,research-api-monolith-partial-1,monolith-partial,180.42,22.2
1789451257.946,research-api-users-service-1,users-service,72.25,17.49
1789451257.946,research-api-postgres-1,postgres,176.25,125.2
1789451257.946,research-api-prometheus-1,prometheus,1.06,36.52
1789451257.946,research-api-cadvisor-1,cadvisor,0.0,21.91
1789451262.92,research-api-nginx-1,nginx,662.52,23.9
1789451262.92,research-api-grafana-1,grafana,0.07,43.9
1789451262.92,research-api-monolith-partial-1,monolith-partial,116.37,23.09
1789451262.92,research-api-users-service-1,users-service,33.07,16.8
1789451262.92,research-api-postgres-1,postgres,140.44,124.8
1789451262.92,research-api-prometheus-1,prometheus,0.0,36.52
1789451262.92,research-api-cadvisor-1,cadvisor,0.0,21.91
1789451267.894,research-api-nginx-1,nginx,678.22,24.12
1789451267.894,research-api-grafana-1,grafana,0.04,43.9
1789451267.894,research-api-monolith-partial-1,monolith-partial,112.22,25.53
1789451267.894,research-api-users-service-1,users-service,31.69,17.82
1789451267.894,research-api-postgres-1,postgres,72.53,125.8
1789451267.894,research-api-prometheus-1,prometheus,0.84,36.53
1789451267.894,research-api-cadvisor-1,cadvisor,0.0,17.93
1789451272.867,research-api-nginx-1,nginx,550.43,21.45
1789451272.867,research-api-grafana-1,grafana,0.05,43.9
1789451272.867,research-api-monolith-partial-1,monolith-partial,112.38,24.9
1789451272.867,research-api-users-service-1,users-service,40.03,17.03
1789451272.867,research-api-postgres-1,postgres,92.68,126.5
1789451272.867,research-api-prometheus-1,prometheus,0.0,36.52
1789451272.867,research-api-cadvisor-1,cadvisor,0.0,17.93
1789451277.942,research-api-nginx-1,nginx,173.58,20.62
1789451277.942,research-api-grafana-1,grafana,0.08,43.9
1789451277.942,research-api-monolith-partial-1,monolith-partial,205.48,25.14
1789451277.942,research-api-users-service-1,users-service,74.12,15.92
1789451277.942,research-api-postgres-1,postgres,154.11,126.5
1789451277.942,research-api-prometheus-1,prometheus,0.95,36.77
1789451277.942,research-api-cadvisor-1,cadvisor,0.0,18.65
1789451282.96,research-api-nginx-1,nginx,163.84,20.7
1789451282.96,research-api-grafana-1,grafana,0.04,43.9
1789451282.96,research-api-monolith-partial-1,monolith-partial,195.49,23.33
1789451282.96,research-api-users-service-1,users-service,70.05,16.03
1789451282.96,research-api-postgres-1,postgres,155.07,127.4
1789451282.96,research-api-prometheus-1,prometheus,0.0,36.52
1789451282.96,research-api-cadvisor-1,cadvisor,0.0,18.65
1789451287.933,research-api-nginx-1,nginx,180.03,21.03
1789451287.933,research-api-grafana-1,grafana,1.41,43.9
1789451287.933,research-api-monolith-partial-1,monolith-partial,194.88,23.68
1789451287.933,research-api-users-service-1,users-service,46.63,17.72
1789451287.933,research-api-postgres-1,postgres,97.69,128.2
1789451287.933,research-api-prometheus-1,prometheus,0.76,36.54
1789451287.933,research-api-cadvisor-1,cadvisor,0.0,19.7
1789451292.909,research-api-nginx-1,nginx,650.34,23.79
1789451292.909,research-api-grafana-1,grafana,0.06,43.9
1789451292.909,research-api-monolith-partial-1,monolith-partial,86.67,25.55
1789451292.909,research-api-users-service-1,users-service,32.54,17.74
1789451292.909,research-api-postgres-1,postgres,68.57,128.7
1789451292.909,research-api-prometheus-1,prometheus,0.0,36.54
1789451292.909,research-api-cadvisor-1,cadvisor,0.0,19.7
1789451297.89,research-api-nginx-1,nginx,339.3,20.71
1789451297.89,research-api-grafana-1,grafana,0.34,43.9
1789451297.89,research-api-monolith-partial-1,monolith-partial,178.84,23.73
1789451297.89,research-api-users-service-1,users-service,55.19,17.29
1789451297.89,research-api-postgres-1,postgres,133.47,129.1
1789451297.89,research-api-prometheus-1,prometheus,1.04,36.61
1789451297.89,research-api-cadvisor-1,cadvisor,0.0,18.15
1789451302.932,research-api-nginx-1,nginx,424.88,24.04
1789451302.932,research-api-grafana-1,grafana,0.04,43.9
1789451302.932,research-api-monolith-partial-1,monolith-partial,161.49,25.25
1789451302.932,research-api-users-service-1,users-service,55.65,17.46
1789451302.932,research-api-postgres-1,postgres,112.69,129.3
1789451302.932,research-api-prometheus-1,prometheus,0.0,36.6
1789451302.932,research-api-cadvisor-1,cadvisor,0.0,18.15
1789451307.983,research-api-nginx-1,nginx,650.87,24.22
1789451307.983,research-api-grafana-1,grafana,0.07,43.9
1789451307.983,research-api-monolith-partial-1,monolith-partial,112.47,23.54
1789451307.983,research-api-users-service-1,users-service,41.9,17.48
1789451307.983,research-api-postgres-1,postgres,85.91,129.6
1789451307.983,research-api-prometheus-1,prometheus,0.88,36.61
1789451307.983,research-api-cadvisor-1,cadvisor,0.0,18.85
1789451312.965,research-api-nginx-1,nginx,644.45,24.07
1789451312.965,research-api-grafana-1,grafana,0.04,43.9
1789451312.965,research-api-monolith-partial-1,monolith-partial,116.46,25.98
1789451312.965,research-api-users-service-1,users-service,36.8,17.61
1789451312.965,research-api-postgres-1,postgres,70.38,130.1
1789451312.965,research-api-prometheus-1,prometheus,0.0,36.6
1789451312.965,research-api-cadvisor-1,cadvisor,0.0,18.85
1789451317.981,research-api-nginx-1,nginx,528.96,20.62
1789451317.981,research-api-grafana-1,grafana,0.06,43.9
1789451317.981,research-api-monolith-partial-1,monolith-partial,136.68,26.56
1789451317.981,research-api-users-service-1,users-service,39.67,17.5
1789451317.981,research-api-postgres-1,postgres,109.44,130.8
1789451317.981,research-api-prometheus-1,prometheus,0.9,36.61
1789451317.981,research-api-cadvisor-1,cadvisor,1.0,19.7
1789451322.976,research-api-nginx-1,nginx,175.17,20.9
1789451322.976,research-api-grafana-1,grafana,0.07,43.9
1789451322.976,research-api-monolith-partial-1,monolith-partial,208.52,24.24
1789451322.976,research-api-users-service-1,users-service,68.4,15.29
1789451322.976,research-api-postgres-1,postgres,161.56,131.3
1789451322.976,research-api-prometheus-1,prometheus,0.0,36.61
1789451322.976,research-api-cadvisor-1,cadvisor,0.0,19.7
1789451327.984,research-api-nginx-1,nginx,385.24,23.09
1789451327.984,research-api-grafana-1,grafana,0.05,43.9
1789451327.984,research-api-monolith-partial-1,monolith-partial,157.39,23.57
1789451327.984,research-api-users-service-1,users-service,58.71,18.06
1789451327.984,research-api-postgres-1,postgres,129.33,131.7
1789451327.984,research-api-prometheus-1,prometheus,0.83,36.61
1789451327.984,research-api-cadvisor-1,cadvisor,0.0,20.41
1789451332.941,research-api-nginx-1,nginx,582.89,23.59
1789451332.941,research-api-grafana-1,grafana,0.04,43.9
1789451332.941,research-api-monolith-partial-1,monolith-partial,110.28,24.57
1789451332.941,research-api-users-service-1,users-service,40.76,17.27
1789451332.941,research-api-postgres-1,postgres,84.03,131.8
1789451332.941,research-api-prometheus-1,prometheus,0.0,36.61
1789451332.941,research-api-cadvisor-1,cadvisor,0.0,20.41
1789451337.922,research-api-nginx-1,nginx,686.63,23.5
1789451337.922,research-api-grafana-1,grafana,0.08,43.9
1789451337.922,research-api-monolith-partial-1,monolith-partial,102.83,24.91
1789451337.922,research-api-users-service-1,users-service,37.74,17.41
1789451337.922,research-api-postgres-1,postgres,79.24,131.9
1789451337.922,research-api-prometheus-1,prometheus,0.72,36.85
1789451337.922,research-api-cadvisor-1,cadvisor,0.0,21.24
1789451343.081,research-api-nginx-1,nginx,321.04,21.26
1789451343.081,research-api-grafana-1,grafana,0.05,43.9
1789451343.081,research-api-monolith-partial-1,monolith-partial,125.86,24.17
1789451343.081,research-api-users-service-1,users-service,58.36,16.83
1789451343.081,research-api-postgres-1,postgres,128.7,132.8
1789451343.081,research-api-prometheus-1,prometheus,0.0,36.61
1789451343.081,research-api-cadvisor-1,cadvisor,0.3,21.25
1789451347.933,research-api-nginx-1,nginx,163.45,22.18
1789451347.933,research-api-grafana-1,grafana,0.05,43.9
1789451347.933,research-api-monolith-partial-1,monolith-partial,175.65,23.25
1789451347.933,research-api-users-service-1,users-service,73.68,16.26
1789451347.933,research-api-postgres-1,postgres,164.02,133.7
1789451347.933,research-api-prometheus-1,prometheus,1.01,36.61
1789451347.933,research-api-cadvisor-1,cadvisor,1.18,21.31
1789451352.964,research-api-nginx-1,nginx,366.36,23.81
1789451352.964,research-api-grafana-1,grafana,0.06,43.9
1789451352.964,research-api-monolith-partial-1,monolith-partial,170.31,23.64
1789451352.964,research-api-users-service-1,users-service,55.9,16.63
1789451352.964,research-api-postgres-1,postgres,131.77,134.3
1789451352.964,research-api-prometheus-1,prometheus,0.0,36.61
1789451352.964,research-api-cadvisor-1,cadvisor,1.73,19.91
1789451358.01,research-api-nginx-1,nginx,662.39,23.72
1789451358.01,research-api-grafana-1,grafana,0.06,43.9
1789451358.01,research-api-monolith-partial-1,monolith-partial,109.57,23.61
1789451358.01,research-api-users-service-1,users-service,36.98,18.27
1789451358.01,research-api-postgres-1,postgres,83.73,134.4
1789451358.01,research-api-prometheus-1,prometheus,0.88,36.86
1789451358.01,research-api-cadvisor-1,cadvisor,0.0,20.29
1789451362.998,research-api-nginx-1,nginx,525.24,20.72
1789451362.998,research-api-grafana-1,grafana,0.05,43.9
1789451362.998,research-api-monolith-partial-1,monolith-partial,107.85,25.27
1789451362.998,research-api-users-service-1,users-service,34.88,16.98
1789451362.998,research-api-postgres-1,postgres,89.71,135.1
1789451362.998,research-api-prometheus-1,prometheus,0.0,36.61
1789451362.998,research-api-cadvisor-1,cadvisor,0.0,20.29
1789451367.967,research-api-nginx-1,nginx,167.1,21.08
1789451367.967,research-api-grafana-1,grafana,0.09,43.91
1789451367.967,research-api-monolith-partial-1,monolith-partial,120.27,25.33
1789451367.967,research-api-users-service-1,users-service,72.39,17.07
1789451367.967,research-api-postgres-1,postgres,156.67,135.2
1789451367.967,research-api-prometheus-1,prometheus,1.6,36.61
1789451367.967,research-api-cadvisor-1,cadvisor,0.0,18.07
1789451372.973,research-api-nginx-1,nginx,455.19,23.07
1789451372.973,research-api-grafana-1,grafana,0.06,43.91
1789451372.973,research-api-monolith-partial-1,monolith-partial,146.71,24.47
1789451372.973,research-api-users-service-1,users-service,44.46,16.1
1789451372.973,research-api-postgres-1,postgres,108.35,136.1
1789451372.973,research-api-prometheus-1,prometheus,0.0,36.61
1789451372.973,research-api-cadvisor-1,cadvisor,0.0,18.08
1789451378.054,research-api-nginx-1,nginx,628.63,22.35
1789451378.054,research-api-grafana-1,grafana,0.06,43.91
1789451378.054,research-api-monolith-partial-1,monolith-partial,140.4,23.99
1789451378.054,research-api-users-service-1,users-service,34.52,18.36
1789451378.054,research-api-postgres-1,postgres,120.69,136.9
1789451378.054,research-api-prometheus-1,prometheus,1.23,36.84
1789451378.054,research-api-cadvisor-1,cadvisor,0.86,18.77
1789451383.027,research-api-nginx-1,nginx,648.92,22.31
1789451383.027,research-api-grafana-1,grafana,0.06,43.91
1789451383.027,research-api-monolith-partial-1,monolith-partial,108.12,24.92
1789451383.027,research-api-users-service-1,users-service,31.55,16.07
1789451383.027,research-api-postgres-1,postgres,71.54,137.0
1789451383.027,research-api-prometheus-1,prometheus,0.0,36.61
1789451383.027,research-api-cadvisor-1,cadvisor,0.65,18.36
1789451387.931,research-api-nginx-1,nginx,400.21,20.82
1789451387.931,research-api-grafana-1,grafana,0.09,44.16
1789451387.931,research-api-monolith-partial-1,monolith-partial,166.11,24.42
1789451387.931,research-api-users-service-1,users-service,51.7,17.95
1789451387.931,research-api-postgres-1,postgres,117.8,137.2
1789451387.931,research-api-prometheus-1,prometheus,0.93,36.61
1789451387.931,research-api-cadvisor-1,cadvisor,0.0,18.11
1789451392.996,research-api-nginx-1,nginx,402.73,21.47
1789451392.996,research-api-grafana-1,grafana,0.06,43.91
1789451392.996,research-api-monolith-partial-1,monolith-partial,198.54,23.49
1789451392.996,research-api-users-service-1,users-service,71.39,15.08
1789451392.996,research-api-postgres-1,postgres,148.98,138.3
1789451392.996,research-api-prometheus-1,prometheus,0.0,36.61
1789451392.996,research-api-cadvisor-1,cadvisor,0.0,18.11
1789451398.002,research-api-nginx-1,nginx,410.22,24.8
1789451398.002,research-api-grafana-1,grafana,0.06,43.91
1789451398.002,research-api-monolith-partial-1,monolith-partial,169.0,25.34
1789451398.002,research-api-users-service-1,users-service,61.77,16.54
1789451398.002,research-api-postgres-1,postgres,123.51,137.6
1789451398.002,research-api-prometheus-1,prometheus,0.8,36.62
1789451398.002,research-api-cadvisor-1,cadvisor,0.0,18.75
1789451403.075,research-api-nginx-1,nginx,620.75,23.2
1789451403.075,research-api-grafana-1,grafana,0.05,43.91
1789451403.075,research-api-monolith-partial-1,monolith-partial,100.66,24.26
1789451403.075,research-api-users-service-1,users-service,36.42,15.82
1789451403.075,research-api-postgres-1,postgres,79.46,138.9
1789451403.075,research-api-prometheus-1,prometheus,0.0,36.62
1789451403.075,research-api-cadvisor-1,cadvisor,0.24,18.75
1789451408.018,research-api-nginx-1,nginx,501.91,19.78
1789451408.018,research-api-grafana-1,grafana,0.05,43.91
1789451408.018,research-api-monolith-partial-1,monolith-partial,158.4,23.17
1789451408.018,research-api-users-service-1,users-service,36.68,17.48
1789451408.018,research-api-postgres-1,postgres,77.89,139.1
1789451408.018,research-api-prometheus-1,prometheus,0.96,36.62
1789451408.018,research-api-cadvisor-1,cadvisor,0.85,18.79
1789451412.968,research-api-nginx-1,nginx,135.87,20.57
1789451412.968,research-api-grafana-1,grafana,0.09,43.91
1789451412.968,research-api-monolith-partial-1,monolith-partial,167.87,21.03
1789451412.968,research-api-users-service-1,users-service,59.52,15.41
1789451412.968,research-api-postgres-1,postgres,117.27,139.9
1789451412.968,research-api-prometheus-1,prometheus,0.0,36.62
1789451412.968,research-api-cadvisor-1,cadvisor,0.0,18.79
1789451417.934,research-api-nginx-1,nginx,103.61,21.09
1789451417.934,research-api-grafana-1,grafana,0.07,43.91
1789451417.934,research-api-monolith-partial-1,monolith-partial,135.95,21.16
1789451417.934,research-api-users-service-1,users-service,50.41,16.45
1789451417.934,research-api-postgres-1,postgres,87.22,139.9
1789451417.934,research-api-prometheus-1,prometheus,0.94,36.65
1789451417.934,research-api-cadvisor-1,cadvisor,0.0,18.79
1789451422.854,research-api-nginx-1,nginx,47.06,20.61
1789451422.854,research-api-grafana-1,grafana,0.06,43.91
1789451422.854,research-api-monolith-partial-1,monolith-partial,70.1,20.19
1789451422.854,research-api-users-service-1,users-service,22.75,15.05
1789451422.854,research-api-postgres-1,postgres,45.14,140.2
1789451422.854,research-api-prometheus-1,prometheus,0.0,36.65
1789451422.854,research-api-cadvisor-1,cadvisor,0.0,18.79
1789451427.843,research-api-nginx-1,nginx,23.87,19.98
1789451427.843,research-api-grafana-1,grafana,0.14,43.91
1789451427.843,research-api-monolith-partial-1,monolith-partial,32.09,19.43
1789451427.843,research-api-users-service-1,users-service,14.13,15.38
1789451427.843,research-api-postgres-1,postgres,20.32,140.5
1789451427.843,research-api-prometheus-1,prometheus,0.83,36.66
1789451427.843,research-api-cadvisor-1,cadvisor,0.0,19.3
1789451432.878,research-api-nginx-1,nginx,3.33,17.61
1789451432.878,research-api-grafana-1,grafana,0.12,43.91
1789451432.878,research-api-monolith-partial-1,monolith-partial,0.0,18.88
1789451432.878,research-api-users-service-1,users-service,0.0,14.81
1789451432.878,research-api-postgres-1,postgres,0.25,139.1
1789451432.878,research-api-prometheus-1,prometheus,0.0,36.66
1789451432.878,research-api-cadvisor-1,cadvisor,0.0,19.3
