timestamp,service,value
1789599157,inventory-service,1
1789599167,inventory-service,1
1789599177,inventory-service,2
1789599187,inventory-service,3
1789599197,inventory-service,3
1789599207,inventory-service,3
1789599217,inventory-service,3
1789599227,inventory-service,3
1789599237,inventory-service,3
1789599247,inventory-service,3
1789599257,inventory-service,4
1789599267,inventory-service,4
1789599277,inventory-service,4
1789599287,inventory-service,4
1789599297,inventory-service,4
1789599307,inventory-service,4
1789599317,inventory-service,4
1789599327,inventory-service,4
1789599337,inventory-service,4
1789599347,inventory-service,4
1789599357,inventory-service,4
1789599367,inventory-service,4
1789599377,inventory-service,4
1789599387,inventory-service,4
1789599397,inventory-service,4
1789599407,inventory-service,4
1789599417,inventory-service,4
1789599427,inventory-service,4
1789599437,inventory-service,4
1789599447,inventory-service,4
1789599457,inventory-service,5
1789599467,inventory-service,5
1789599477,inventory-service,5
1789599487,inventory-service,5
1789599497,inventory-service,5
1789599507,inventory-service,5
1789599517,inventory-service,5
1789599527,inventory-service,5
1789599537,inventory-service,5
1789599547,inventory-service,5
1789599557,inventory-service,5
1789599567,inventory-service,5
1789599577,inventory-service,5
1789599587,inventory-service,5
1789599597,inventory-service,5
1789599607,inventory-service,5
1789599617,inventory-service,5
1789599627,inventory-service,5
1789599637,inventory-service,5
1789599647,inventory-service,5
1789599657,inventory-service,5
1789599667,inventory-service,5
1789599677,inventory-service,5
1789599687,inventory-service,5
1789599697,inventory-service,5
1789599707,inventory-service,5
1789599717,inventory-service,5
1789599727,inventory-service,5
1789599737,inventory-service,5
1789599747,inventory-service,5
1789599757,inventory-service,5
1789599767,inventory-service,5
1789599777,inventory-service,5
1789599787,inventory-service,5
1789599797,inventory-service,5
1789599807,inventory-service,5
1789599817,inventory-service,5
1789599827,inventory-service,5
1789599837,inventory-service,8
1789599847,inventory-service,10
1789599857,inventory-service,14
1789599867,inventory-service,14
1789599877,inventory-service,14
1789599887,inventory-service,14
1789599897,inventory-service,14
1789599907,inventory-service,14
1789599917,inventory-service,14
1789599927,inventory-service,14
1789599937,inventory-service,14
1789599947,inventory-service,14
1789599957,inventory-service,14
1789599967,inventory-service,14
1789599977,inventory-service,14
1789599987,inventory-service,14
1789599997,inventory-service,14
1789600007,inventory-service,14
1789600017,inventory-service,14
1789600027,inventory-service,14
1789600037,inventory-service,14
1789600047,inventory-service,14
1789600057,inventory-service,14
1789600067,inventory-service,14
1789600077,inventory-service,14
1789600087,inventory-service,14
1789600097,inventory-service,14
1789600107,inventory-service,14
1789600117,inventory-service,14
1789600127,inventory-service,14
1789600137,inventory-service,14
1789600147,inventory-service,14
1789600157,inventory-service,14
1789600167,inventory-service,14
1789600177,inventory-service,14
1789600187,inventory-service,14
1789599157,orders-service,1
1789599167,orders-service,2
1789599177,orders-service,4
1789599187,orders-service,8
1789599197,orders-service,8
1789599207,orders-service,8
1789599217,orders-service,9
1789599227,orders-service,9
1789599237,orders-service,9
1789599247,orders-service,9
1789599257,orders-service,9
1789599267,orders-service,9
1789599277,orders-service,9
1789599287,orders-service,9
1789599297,orders-service,9
1789599307,orders-service,9
1789599317,orders-service,9
1789599327,orders-service,9
1789599337,orders-service,9
1789599347,orders-service,9
1789599357,orders-service,9
1789599367,orders-service,9
1789599377,orders-service,11
1789599387,orders-service,11
1789599397,orders-service,11
1789599407,orders-service,11
1789599417,orders-service,11
1789599427,orders-service,11
1789599437,orders-service,11
1789599447,orders-service,11
1789599457,orders-service,11
1789599467,orders-service,11
1789599477,orders-service,11
1789599487,orders-service,11
1789599497,orders-service,11
1789599507,orders-service,11
1789599517,orders-service,11
1789599527,orders-service,11
1789599537,orders-service,11
1789599547,orders-service,12
1789599557,orders-service,12
1789599567,orders-service,13
1789599577,orders-service,13
1789599587,orders-service,13
1789599597,orders-service,13
1789599607,orders-service,14
1789599617,orders-service,14
1789599627,orders-service,14
1789599637,orders-service,14
1789599647,orders-service,14
1789599657,orders-service,14
1789599667,orders-service,14
1789599677,orders-service,14
1789599687,orders-service,14
1789599697,orders-service,14
1789599707,orders-service,14
1789599717,orders-service,14
1789599727,orders-service,14
1789599737,orders-service,14
1789599747,orders-service,14
1789599757,orders-service,14
1789599767,orders-service,14
1789599777,orders-service,14
1789599787,orders-service,14
1789599797,orders-service,14
1789599807,orders-service,14
1789599817,orders-service,14
1789599827,orders-service,14
1789599837,orders-service,14
1789599847,orders-service,14
1789599857,orders-service,14
1789599867,orders-service,14
1789599877,orders-service,14
1789599887,orders-service,14
1789599897,orders-service,14
1789599907,orders-service,14
1789599917,orders-service,14
1789599927,orders-service,14
1789599937,orders-service,14
1789599947,orders-service,14
1789599957,orders-service,14
1789599967,orders-service,14
1789599977,orders-service,14
1789599987,orders-service,14
1789599997,orders-service,14
1789600007,orders-service,14
1789600017,orders-service,14
1789600027,orders-service,14
1789600037,orders-service,14
1789600047,orders-service,14
1789600057,orders-service,14
1789600067,orders-service,14
1789600077,orders-service,14
1789600087,orders-service,14
1789600097,orders-service,14
1789600107,orders-service,14
1789600117,orders-service,14
1789600127,orders-service,14
1789600137,orders-service,14
1789600147,orders-service,14
1789600157,orders-service,14
1789600167,orders-service,14
1789600177,orders-service,14
1789600187,orders-service,14
1789599157,products-service,1
1789599167,products-service,1
1789599177,products-service,3
1789599187,products-service,5
1789599197,products-service,6
1789599207,products-service,6
1789599217,products-service,6
1789599227,products-service,6
1789599237,products-service,8
1789599247,products-service,8
1789599257,products-service,8
1789599267,products-service,8
1789599277,products-service,8
1789599287,products-service,8
1789599297,products-service,8
1789599307,products-service,8
1789599317,products-service,8
1789599327,products-service,8
1789599337,products-service,8
1789599347,products-service,8
1789599357,products-service,8
1789599367,products-service,12
1789599377,products-service,12
1789599387,products-service,12
1789599397,products-service,12
1789599407,products-service,12
1789599417,products-service,12
1789599427,products-service,12
1789599437,products-service,12
1789599447,products-service,12
1789599457,products-service,12
1789599467,products-service,12
1789599477,products-service,12
1789599487,products-service,12
1789599497,products-service,12
1789599507,products-service,12
1789599517,products-service,12
1789599527,products-service,12
1789599537,products-service,12
1789599547,products-service,12
1789599557,products-service,12
1789599567,products-service,12
1789599577,products-service,12
1789599587,products-service,12
1789599597,products-service,12
1789599607,products-service,12
1789599617,products-service,12
1789599627,products-service,12
1789599637,products-service,12
1789599647,products-service,14
1789599657,products-service,14
1789599667,products-service,14
1789599677,products-service,14
1789599687,products-service,14
1789599697,products-service,14
1789599707,products-service,14
1789599717,products-service,14
1789599727,products-service,14
1789599737,products-service,14
1789599747,products-service,14
1789599757,products-service,14
1789599767,products-service,14
1789599777,products-service,14
1789599787,products-service,14
1789599797,products-service,14
1789599807,products-service,14
1789599817,products-service,14
1789599827,products-service,14
1789599837,products-service,14
1789599847,products-service,14
1789599857,products-service,14
1789599867,products-service,14
1789599877,products-service,14
1789599887,products-service,14
1789599897,products-service,14
1789599907,products-service,14
1789599917,products-service,14
1789599927,products-service,14
1789599937,products-service,14
1789599947,products-service,14
1789599957,products-service,14
1789599967,products-service,14
1789599977,products-service,14
1789599987,products-service,14
1789599997,products-service,14
1789600007,products-service,14
1789600017,products-service,14
1789600027,products-service,14
1789600037,products-service,14
1789600047,products-service,14
1789600057,products-service,14
1789600067,products-service,14
1789600077,products-service,14
1789600087,products-service,14
1789600097,products-service,14
1789600107,products-service,14
1789600117,products-service,14
1789600127,products-service,14
1789600137,products-service,14
1789600147,products-service,14
1789600157,products-service,14
1789600167,products-service,14
1789600177,products-service,14
1789600187,products-service,14
1789599157,users-service,1
1789599167,users-service,2
1789599177,users-service,4
1789599187,users-service,4
1789599197,users-service,5
1789599207,users-service,6
1789599217,users-service,7
1789599227,users-service,7
1789599237,users-service,7
1789599247,users-service,7
1789599257,users-service,7
1789599267,users-service,8
1789599277,users-service,8
1789599287,users-service,8
1789599297,users-service,8
1789599307,users-service,9
1789599317,users-service,9
1789599327,users-service,9
1789599337,users-service,9
1789599347,users-service,9
1789599357,users-service,9
1789599367,users-service,9
1789599377,users-service,9
1789599387,users-service,9
1789599397,users-service,9
1789599407,users-service,9
1789599417,users-service,9
1789599427,users-service,9
1789599437,users-service,9
1789599447,users-service,9
1789599457,users-service,9
1789599467,users-service,9
1789599477,users-service,9
1789599487,users-service,9
1789599497,users-service,9
1789599507,users-service,9
1789599517,users-service,9
1789599527,users-service,9
1789599537,users-service,9
1789599547,users-service,10
1789599557,users-service,11
1789599567,users-service,11
1789599577,users-service,11
1789599587,users-service,11
1789599597,users-service,11
1789599607,users-service,11
1789599617,users-service,11
1789599627,users-service,11
1789599637,users-service,11
1789599647,users-service,11
1789599657,users-service,11
1789599667,users-service,11
1789599677,users-service,11
1789599687,users-service,11
1789599697,users-service,11
1789599707,users-service,11
1789599717,users-service,11
1789599727,users-service,11
1789599737,users-service,11
1789599747,users-service,11
1789599757,users-service,11
1789599767,users-service,11
1789599777,users-service,11
1789599787,users-service,11
1789599797,users-service,11
1789599807,users-service,11
1789599817,users-service,11
1789599827,users-service,13
1789599837,users-service,14
1789599847,users-service,14
1789599857,users-service,14
1789599867,users-service,14
1789599877,users-service,14
1789599887,users-service,14
1789599897,users-service,14
1789599907,users-service,14
1789599917,users-service,14
1789599927,users-service,14
1789599937,users-service,14
1789599947,users-service,14
1789599957,users-service,14
1789599967,users-service,14
1789599977,users-service,14
1789599987,users-service,14
1789599997,users-service,14
1789600007,users-service,14
1789600017,users-service,14
1789600027,users-service,14
1789600037,users-service,14
1789600047,users-service,14
1789600057,users-service,14
1789600067,users-service,14
1789600077,users-service,14
1789600087,users-service,14
1789600097,users-service,14
1789600107,users-service,14
1789600117,users-service,14
1789600127,users-service,14
1789600137,users-service,14
1789600147,users-service,14
1789600157,users-service,14
1789600167,users-service,14
1789600177,users-service,14
1789600187,users-service,14
