stage,descricao,run,load_level,endpoint,p50_ms,p90_ms,p95_ms,p99_ms,avg_ms,max_ms,throughput_req_s,total_requests,error_rate
Stage 01,Monolito completo,1,todos,todos,1.14,3.51,4.76,8.25,1.69,31.69,2374.3,2422047,0
Stage 01,Monolito completo,1,todos,get_product,0.92,2.35,3.19,6.02,1.26,26.05,,,0
Stage 01,Monolito completo,1,medium,post_order,3.45,7.41,9.38,13.85,4.21,25.13,,,0
Stage 01,Monolito completo,1,high,get_user,0.85,2.1,2.82,5.06,1.14,23.6,,,0
Stage 01,Monolito completo,1,todos,get_user,0.91,2.34,3.17,5.99,1.25,27.77,,,0
Stage 01,Monolito completo,1,low,list_products,1.53,2.89,3.57,5.62,1.79,24.7,,,0
Stage 01,Monolito completo,1,high,get_inventory,0.85,2.11,2.81,5.02,1.14,22.59,,,0
Stage 01,Monolito completo,1,medium,get_product,1.05,3.03,4.27,8.17,1.53,19.12,,,0
Stage 01,Monolito completo,1,low,todos,1.71,4.84,6.09,8.96,2.34,25.82,,,
Stage 01,Monolito completo,1,low,get_inventory,1.41,2.66,3.32,5.2,1.65,18.37,,,0
Stage 01,Monolito completo,1,low,get_user,1.41,2.7,3.34,5.15,1.66,23.24,,,0
Stage 01,Monolito completo,1,medium,get_user,1.05,3.03,4.3,8.06,1.52,25.25,,,0
Stage 01,Monolito completo,1,medium,get_inventory,1.05,3.03,4.31,8.08,1.52,22.76,,,0
Stage 01,Monolito completo,1,high,post_order,2.98,5.66,6.99,11.22,3.51,31.69,,,0
Stage 01,Monolito completo,1,todos,list_products,0.97,2.44,3.29,6.16,1.32,26.02,,,0
Stage 01,Monolito completo,1,medium,list_orders,1.52,3.86,5.3,9.31,2.05,25.17,,,0
Stage 01,Monolito completo,1,high,list_products,0.9,2.19,2.91,5.16,1.2,22.72,,,0
Stage 01,Monolito completo,1,todos,get_inventory,0.91,2.34,3.17,5.99,1.25,22.76,,,0
Stage 01,Monolito completo,1,high,list_orders,1.22,2.7,3.51,5.97,1.56,22.16,,,0
Stage 01,Monolito completo,1,medium,list_products,1.12,3.15,4.48,8.3,1.6,26.02,,,0
Stage 01,Monolito completo,1,high,get_product,0.86,2.12,2.85,5.1,1.15,26.05,,,0
Stage 01,Monolito completo,1,todos,list_orders,1.33,3.06,4.02,7.19,1.72,25.82,,,0
Stage 01,Monolito completo,1,medium,todos,1.33,4.26,5.88,10.0,1.99,26.02,,,
Stage 01,Monolito completo,1,low,post_order,5.09,7.91,9.04,12.43,5.45,25.54,,,0
Stage 01,Monolito completo,1,high,todos,1.05,3.2,4.23,7.19,1.55,31.69,,,
Stage 01,Monolito completo,1,todos,post_order,3.16,6.31,7.87,12.24,3.78,31.69,,,0
Stage 01,Monolito completo,1,low,get_product,1.42,2.7,3.37,5.3,1.67,23.6,,,0
Stage 01,Monolito completo,1,low,list_orders,2.18,3.93,4.81,7.3,2.51,25.82,,,0
Stage 01,Monolito completo,2,medium,todos,1.27,4.12,5.73,10.13,1.95,36.0,,,
Stage 01,Monolito completo,2,medium,list_orders,1.46,3.74,5.21,9.55,2.0,28.13,,,0
Stage 01,Monolito completo,2,high,todos,1.03,3.06,4.01,6.49,1.49,27.93,,,
Stage 01,Monolito completo,2,low,list_products,1.52,2.86,3.58,5.7,1.78,24.39,,,0
Stage 01,Monolito completo,2,medium,post_order,3.35,7.28,9.29,13.96,4.13,36.0,,,0
Stage 01,Monolito completo,2,low,todos,1.71,4.84,6.14,9.04,2.35,28.28,,,
Stage 01,Monolito completo,2,medium,get_user,1.0,2.94,4.21,8.12,1.48,31.01,,,0
Stage 01,Monolito completo,2,high,get_product,0.84,2.0,2.63,4.64,1.1,22.82,,,0
Stage 01,Monolito completo,2,medium,list_products,1.07,3.03,4.35,8.26,1.56,29.05,,,0
Stage 01,Monolito completo,2,low,get_product,1.43,2.74,3.38,5.3,1.68,17.51,,,0
Stage 01,Monolito completo,2,todos,list_products,0.95,2.32,3.12,5.85,1.27,29.05,,,0
Stage 01,Monolito completo,2,medium,get_product,1.01,2.9,4.14,8.08,1.48,27.65,,,0
Stage 01,Monolito completo,2,low,post_order,5.12,7.91,9.19,12.61,5.48,28.28,,,0
Stage 01,Monolito completo,2,high,get_inventory,0.84,2.0,2.63,4.68,1.1,18.43,,,0
Stage 01,Monolito completo,2,high,list_orders,1.21,2.59,3.32,5.55,1.51,19.58,,,0
Stage 01,Monolito completo,2,low,get_user,1.42,2.69,3.32,5.29,1.66,21.76,,,0
Stage 01,Monolito completo,2,high,list_products,0.89,2.07,2.7,4.71,1.15,21.54,,,0
Stage 01,Monolito completo,2,low,list_orders,2.2,3.99,4.89,7.25,2.54,25.88,,,0
Stage 01,Monolito completo,2,todos,get_user,0.89,2.23,3.01,5.69,1.21,31.01,,,0
Stage 01,Monolito completo,2,todos,list_orders,1.31,2.95,3.89,6.82,1.68,28.13,,,0
Stage 01,Monolito completo,2,high,get_user,0.83,1.99,2.62,4.6,1.09,22.37,,,0
Stage 01,Monolito completo,2,low,get_inventory,1.41,2.67,3.32,5.28,1.66,20.28,,,0
Stage 01,Monolito completo,2,todos,get_product,0.9,2.24,3.01,5.63,1.21,27.65,,,0
Stage 01,Monolito completo,2,todos,todos,1.11,3.37,4.54,7.76,1.63,36.0,2375.7,2423478,0
Stage 01,Monolito completo,2,high,post_order,2.93,5.29,6.37,9.34,3.35,27.93,,,0
Stage 01,Monolito completo,2,todos,post_order,3.09,5.99,7.38,11.32,3.65,36.0,,,0
Stage 01,Monolito completo,2,todos,get_inventory,0.89,2.24,3.01,5.68,1.21,26.38,,,0
Stage 01,Monolito completo,2,medium,get_inventory,1.0,2.92,4.19,8.2,1.48,26.38,,,0
Stage 01,Monolito completo,3,low,list_orders,2.2,4.03,4.92,7.13,2.53,22.01,,,0
Stage 01,Monolito completo,3,low,post_order,5.11,7.96,9.12,12.05,5.47,27.49,,,0
Stage 01,Monolito completo,3,todos,todos,1.1,3.35,4.51,7.68,1.62,30.98,2376.1,2423839,0
Stage 01,Monolito completo,3,low,get_inventory,1.41,2.68,3.28,4.93,1.64,18.01,,,0
Stage 01,Monolito completo,3,medium,get_user,0.95,2.75,3.96,7.97,1.41,22.37,,,0
Stage 01,Monolito completo,3,medium,todos,1.2,3.93,5.48,9.88,1.86,30.98,,,
Stage 01,Monolito completo,3,high,get_inventory,0.84,2.03,2.68,4.72,1.11,19.26,,,0
Stage 01,Monolito completo,3,todos,get_product,0.89,2.22,2.99,5.62,1.2,23.14,,,0
Stage 01,Monolito completo,3,low,get_user,1.42,2.7,3.32,4.91,1.65,22.28,,,0
Stage 01,Monolito completo,3,todos,post_order,3.07,5.93,7.29,11.15,3.62,30.98,,,0
Stage 01,Monolito completo,3,low,list_products,1.52,2.88,3.51,5.39,1.77,20.26,,,0
Stage 01,Monolito completo,3,low,get_product,1.44,2.72,3.32,4.93,1.66,17.46,,,0
Stage 01,Monolito completo,3,low,todos,1.72,4.81,6.12,8.9,2.34,27.49,,,
Stage 01,Monolito completo,3,medium,get_product,0.96,2.78,4.0,8.03,1.42,23.14,,,0
Stage 01,Monolito completo,3,high,list_orders,1.21,2.6,3.36,5.55,1.52,20.75,,,0
Stage 01,Monolito completo,3,high,todos,1.03,3.1,4.07,6.6,1.5,25.16,,,
Stage 01,Monolito completo,3,todos,get_inventory,0.88,2.21,2.98,5.6,1.2,20.28,,,0
Stage 01,Monolito completo,3,todos,get_user,0.88,2.21,2.98,5.58,1.2,22.37,,,0
Stage 01,Monolito completo,3,medium,list_products,1.01,2.88,4.1,8.06,1.48,23.82,,,0
Stage 01,Monolito completo,3,medium,get_inventory,0.94,2.73,3.98,8.0,1.4,20.28,,,0
Stage 01,Monolito completo,3,medium,post_order,3.23,6.87,8.83,13.8,3.97,30.98,,,0
Stage 01,Monolito completo,3,high,get_product,0.84,2.02,2.68,4.75,1.11,20.24,,,0
Stage 01,Monolito completo,3,todos,list_orders,1.29,2.93,3.85,6.81,1.67,23.73,,,0
Stage 01,Monolito completo,3,high,list_products,0.89,2.09,2.77,4.91,1.16,22.89,,,0
Stage 01,Monolito completo,3,high,post_order,2.94,5.36,6.46,9.45,3.38,25.16,,,0
Stage 01,Monolito completo,3,medium,list_orders,1.39,3.57,5.01,9.42,1.92,23.73,,,0
Stage 01,Monolito completo,3,todos,list_products,0.94,2.31,3.1,5.82,1.26,23.82,,,0
Stage 01,Monolito completo,3,high,get_user,0.84,2.02,2.67,4.73,1.1,21.44,,,0
Stage 01b,Monolito atras do NGINX (controle),1,low,list_products,2.38,4.42,5.5,8.13,2.69,19.65,,,0
Stage 01b,Monolito atras do NGINX (controle),1,low,todos,2.66,6.17,7.66,11.11,3.28,31.51,,,
Stage 01b,Monolito atras do NGINX (controle),1,low,get_inventory,2.33,4.32,5.37,7.81,2.64,21.03,,,0
Stage 01b,Monolito atras do NGINX (controle),1,medium,get_product,1.32,10.78,56.14,88.97,6.99,125.57,,,0
Stage 01b,Monolito atras do NGINX (controle),1,high,post_order,67.31,257.05,282.59,338.47,117.63,572.92,,,0
Stage 01b,Monolito atras do NGINX (controle),1,todos,get_product,5.82,217.12,247.86,304.61,57.34,555.77,,,0
Stage 01b,Monolito atras do NGINX (controle),1,high,list_products,54.16,250.58,275.86,329.53,110.31,550.12,,,0
Stage 01b,Monolito atras do NGINX (controle),1,todos,todos,6.77,217.44,248.38,305.3,57.8,572.92,1526.1,1556741,0
Stage 01b,Monolito atras do NGINX (controle),1,low,post_order,6.01,9.76,11.32,14.79,6.38,31.51,,,0
Stage 01b,Monolito atras do NGINX (controle),1,high,get_product,56.16,251.27,276.43,331.61,111.02,555.77,,,0
Stage 01b,Monolito atras do NGINX (controle),1,todos,get_user,5.74,216.48,247.19,303.66,56.92,560.79,,,0
Stage 01b,Monolito atras do NGINX (controle),1,todos,list_orders,6.89,217.33,247.92,305.19,57.93,563.46,,,0
Stage 01b,Monolito atras do NGINX (controle),1,medium,get_inventory,1.31,10.27,55.78,88.84,6.9,125.19,,,0
Stage 01b,Monolito atras do NGINX (controle),1,low,list_orders,3.1,5.59,6.77,9.81,3.46,21.84,,,0
Stage 01b,Monolito atras do NGINX (controle),1,medium,get_user,1.31,10.81,56.53,88.78,6.97,125.81,,,0
Stage 01b,Monolito atras do NGINX (controle),1,low,get_product,2.32,4.35,5.41,7.83,2.63,21.48,,,0
Stage 01b,Monolito atras do NGINX (controle),1,medium,list_orders,1.73,11.21,58.61,90.19,7.49,126.05,,,0
Stage 01b,Monolito atras do NGINX (controle),1,high,list_orders,57.75,251.25,276.59,329.74,111.8,563.46,,,0
Stage 01b,Monolito atras do NGINX (controle),1,low,get_user,2.31,4.29,5.27,7.72,2.61,21.26,,,0
Stage 01b,Monolito atras do NGINX (controle),1,todos,list_products,5.83,216.33,247.33,304.02,56.99,550.12,,,0
Stage 01b,Monolito atras do NGINX (controle),1,high,get_user,53.71,250.54,275.26,328.85,110.25,560.79,,,0
Stage 01b,Monolito atras do NGINX (controle),1,todos,post_order,11.15,222.3,253.83,310.83,61.81,572.92,,,0
Stage 01b,Monolito atras do NGINX (controle),1,high,get_inventory,52.35,249.85,275.55,329.74,109.82,550.11,,,0
Stage 01b,Monolito atras do NGINX (controle),1,medium,todos,1.58,11.56,57.36,89.68,7.37,126.63,,,
Stage 01b,Monolito atras do NGINX (controle),1,high,todos,56.57,251.71,276.92,331.03,111.6,572.92,,,
Stage 01b,Monolito atras do NGINX (controle),1,medium,post_order,3.43,15.31,61.15,92.49,9.41,126.63,,,0
Stage 01b,Monolito atras do NGINX (controle),1,todos,get_inventory,5.7,215.71,246.68,304.42,56.64,550.11,,,0
Stage 01b,Monolito atras do NGINX (controle),1,medium,list_products,1.33,10.24,56.44,89.02,6.92,125.29,,,0
Stage 01b,Monolito atras do NGINX (controle),2,todos,todos,6.08,217.55,250.89,309.9,57.21,568.28,1531.9,1562820,0
Stage 01b,Monolito atras do NGINX (controle),2,medium,get_inventory,1.31,9.59,48.0,86.15,6.46,111.82,,,0
Stage 01b,Monolito atras do NGINX (controle),2,medium,todos,1.59,10.55,48.18,86.53,6.83,126.31,,,
Stage 01b,Monolito atras do NGINX (controle),2,todos,post_order,10.15,223.33,256.88,314.77,61.51,509.87,,,0
Stage 01b,Monolito atras do NGINX (controle),2,medium,list_products,1.35,9.6,48.22,86.3,6.5,125.33,,,0
Stage 01b,Monolito atras do NGINX (controle),2,low,get_product,2.36,4.38,5.33,7.87,2.67,21.79,,,0
Stage 01b,Monolito atras do NGINX (controle),2,high,post_order,72.5,260.6,286.74,341.42,118.39,509.87,,,0
Stage 01b,Monolito atras do NGINX (controle),2,low,list_products,2.4,4.44,5.4,8.07,2.7,23.3,,,0
Stage 01b,Monolito atras do NGINX (controle),2,todos,get_product,5.11,216.3,250.01,308.39,56.36,503.54,,,0
Stage 01b,Monolito atras do NGINX (controle),2,todos,list_orders,6.21,217.99,251.51,311.12,57.7,501.33,,,0
Stage 01b,Monolito atras do NGINX (controle),2,todos,get_inventory,5.04,216.35,249.15,309.08,56.07,494.25,,,0
Stage 01b,Monolito atras do NGINX (controle),2,high,get_inventory,53.83,253.03,280.24,337.81,110.15,494.25,,,0
Stage 01b,Monolito atras do NGINX (controle),2,low,get_inventory,2.34,4.28,5.21,7.7,2.62,17.86,,,0
Stage 01b,Monolito atras do NGINX (controle),2,low,get_user,2.33,4.31,5.32,7.82,2.63,23.56,,,0
Stage 01b,Monolito atras do NGINX (controle),2,medium,post_order,3.45,14.12,52.37,89.29,8.85,126.31,,,0
Stage 01b,Monolito atras do NGINX (controle),2,todos,get_user,5.02,216.21,249.58,308.32,56.27,568.28,,,0
Stage 01b,Monolito atras do NGINX (controle),2,high,list_orders,61.72,255.29,282.3,336.87,112.67,501.33,,,0
Stage 01b,Monolito atras do NGINX (controle),2,high,todos,58.25,254.63,281.48,336.04,111.83,568.28,,,
Stage 01b,Monolito atras do NGINX (controle),2,low,post_order,6.17,9.73,11.13,14.81,6.45,28.48,,,0
Stage 01b,Monolito atras do NGINX (controle),2,medium,get_product,1.31,9.58,46.77,86.0,6.39,124.85,,,0
Stage 01b,Monolito atras do NGINX (controle),2,high,get_product,54.6,253.69,279.83,333.32,110.39,503.54,,,0
Stage 01b,Monolito atras do NGINX (controle),2,low,todos,2.69,6.25,7.74,11.05,3.3,28.48,,,
Stage 01b,Monolito atras do NGINX (controle),2,high,list_products,54.71,252.98,280.17,334.09,110.36,496.62,,,0
Stage 01b,Monolito atras do NGINX (controle),2,high,get_user,55.54,253.32,280.46,335.12,110.5,568.28,,,0
Stage 01b,Monolito atras do NGINX (controle),2,medium,list_orders,1.73,10.57,47.99,86.09,6.91,119.31,,,0
Stage 01b,Monolito atras do NGINX (controle),2,todos,list_products,5.15,216.34,249.16,308.8,56.35,496.62,,,0
Stage 01b,Monolito atras do NGINX (controle),2,low,list_orders,3.16,5.62,6.8,9.63,3.49,22.04,,,0
Stage 01b,Monolito atras do NGINX (controle),2,medium,get_user,1.31,9.27,46.92,85.86,6.36,125.41,,,0
Stage 01b,Monolito atras do NGINX (controle),3,low,post_order,6.04,9.76,11.28,14.73,6.37,28.39,,,0
Stage 01b,Monolito atras do NGINX (controle),3,high,list_products,58.7,249.28,277.83,333.87,109.92,589.27,,,0
Stage 01b,Monolito atras do NGINX (controle),3,medium,list_products,1.21,3.85,12.74,79.73,4.2,126.94,,,0
Stage 01b,Monolito atras do NGINX (controle),3,medium,get_product,1.19,3.82,12.92,79.76,4.21,130.78,,,0
Stage 01b,Monolito atras do NGINX (controle),3,todos,list_products,4.77,212.12,245.47,306.41,54.75,589.27,,,0
Stage 01b,Monolito atras do NGINX (controle),3,todos,get_user,4.78,212.3,245.66,307.38,54.8,569.68,,,0
Stage 01b,Monolito atras do NGINX (controle),3,todos,list_orders,5.84,213.78,247.57,308.35,56.12,567.66,,,0
Stage 01b,Monolito atras do NGINX (controle),3,high,post_order,73.85,257.4,285.91,344.22,118.07,578.92,,,0
Stage 01b,Monolito atras do NGINX (controle),3,medium,todos,1.39,4.94,14.15,80.23,4.58,130.78,,,
Stage 01b,Monolito atras do NGINX (controle),3,low,get_user,2.3,4.33,5.31,7.74,2.61,21.32,,,0
Stage 01b,Monolito atras do NGINX (controle),3,low,list_products,2.34,4.42,5.38,7.91,2.65,18.95,,,0
Stage 01b,Monolito atras do NGINX (controle),3,todos,get_product,4.88,212.62,245.91,306.3,55.15,569.18,,,0
Stage 01b,Monolito atras do NGINX (controle),3,high,todos,61.85,250.92,279.61,336.38,111.45,589.27,,,
Stage 01b,Monolito atras do NGINX (controle),3,low,get_inventory,2.29,4.26,5.23,7.71,2.58,13.29,,,0
Stage 01b,Monolito atras do NGINX (controle),3,todos,todos,5.77,213.64,247.17,308.71,55.8,589.27,1545.8,1576994,0
Stage 01b,Monolito atras do NGINX (controle),3,low,get_product,2.32,4.36,5.37,7.65,2.62,15.64,,,0
Stage 01b,Monolito atras do NGINX (controle),3,high,get_user,58.56,249.41,278.33,335.04,109.9,569.68,,,0
Stage 01b,Monolito atras do NGINX (controle),3,high,get_product,59.94,249.44,277.96,333.02,110.18,569.18,,,0
Stage 01b,Monolito atras do NGINX (controle),3,medium,post_order,3.2,7.42,18.16,82.85,6.46,127.22,,,0
Stage 01b,Monolito atras do NGINX (controle),3,todos,get_inventory,4.77,213.1,246.83,307.93,55.04,566.69,,,0
Stage 01b,Monolito atras do NGINX (controle),3,low,todos,2.65,6.15,7.62,11.05,3.26,28.39,,,
Stage 01b,Monolito atras do NGINX (controle),3,high,list_orders,63.28,251.42,280.02,336.13,112.04,567.66,,,0
Stage 01b,Monolito atras do NGINX (controle),3,medium,get_inventory,1.18,3.95,14.43,78.83,4.23,120.94,,,0
Stage 01b,Monolito atras do NGINX (controle),3,high,get_inventory,59.88,250.79,278.82,337.43,110.55,566.69,,,0
Stage 01b,Monolito atras do NGINX (controle),3,medium,get_user,1.18,3.81,13.43,79.79,4.2,127.95,,,0
Stage 01b,Monolito atras do NGINX (controle),3,low,list_orders,3.06,5.55,6.61,9.3,3.41,18.76,,,0
Stage 01b,Monolito atras do NGINX (controle),3,medium,list_orders,1.55,4.64,13.21,80.12,4.58,125.77,,,0
Stage 01b,Monolito atras do NGINX (controle),3,todos,post_order,9.85,219.58,253.4,315.82,60.14,578.92,,,0
Stage 02,Users extraido,1,low,get_product,2.27,4.17,5.1,7.55,2.56,22.93,,,0
Stage 02,Users extraido,1,low,get_user,2.28,4.01,4.85,7.11,2.53,21.6,,,0
Stage 02,Users extraido,1,todos,list_products,3.83,155.33,187.52,239.74,35.69,492.1,,,0
Stage 02,Users extraido,1,high,list_products,21.93,187.56,212.63,259.28,68.34,492.1,,,0
Stage 02,Users extraido,1,high,get_user,14.63,178.75,203.36,250.62,62.09,473.78,,,0
Stage 02,Users extraido,1,medium,get_user,1.13,1.94,2.44,4.1,1.32,16.28,,,0
Stage 02,Users extraido,1,high,post_order,30.66,193.66,218.18,266.29,75.34,503.97,,,0
Stage 02,Users extraido,1,medium,todos,1.24,3.0,3.71,5.76,1.65,27.07,,,
Stage 02,Users extraido,1,low,post_order,5.96,9.76,11.58,16.05,6.39,40.86,,,0
Stage 02,Users extraido,1,high,get_product,22.15,188.44,213.52,259.61,68.95,482.11,,,0
Stage 02,Users extraido,1,medium,list_products,1.1,2.0,2.54,4.33,1.31,16.96,,,0
Stage 02,Users extraido,1,high,get_inventory,22.01,187.92,213.49,260.55,68.39,482.61,,,0
Stage 02,Users extraido,1,todos,get_user,3.25,146.27,178.53,230.71,32.39,473.78,,,0
Stage 02,Users extraido,1,medium,post_order,2.96,4.68,5.6,8.15,3.29,27.07,,,0
Stage 02,Users extraido,1,todos,get_product,3.81,156.01,188.52,240.96,36.09,482.11,,,0
Stage 02,Users extraido,1,medium,list_orders,1.43,2.58,3.26,5.29,1.69,21.19,,,0
Stage 02,Users extraido,1,todos,get_inventory,3.76,154.88,187.86,241.72,35.67,482.61,,,0
Stage 02,Users extraido,1,low,list_orders,3.03,5.31,6.45,9.33,3.35,19.92,,,0
Stage 02,Users extraido,1,high,list_orders,24.45,190.18,215.14,262.04,70.61,481.01,,,0
Stage 02,Users extraido,1,low,get_inventory,2.26,4.14,5.08,7.78,2.56,21.97,,,0
Stage 02,Users extraido,1,todos,list_orders,4.78,156.83,189.96,242.35,36.98,481.01,,,0
Stage 02,Users extraido,1,medium,get_inventory,1.08,1.96,2.48,4.19,1.29,19.06,,,0
Stage 02,Users extraido,1,todos,todos,4.34,153.75,186.35,239.14,35.6,503.97,1774.8,1810628,0
Stage 02,Users extraido,1,low,list_products,2.3,4.26,5.17,7.79,2.6,24.59,,,0
Stage 02,Users extraido,1,low,todos,2.59,5.99,7.48,11.22,3.21,40.86,,,
Stage 02,Users extraido,1,medium,get_product,1.09,1.96,2.49,4.25,1.29,15.81,,,0
Stage 02,Users extraido,1,todos,post_order,8.65,161.06,193.54,246.52,40.46,503.97,,,0
Stage 02,Users extraido,1,high,todos,21.88,186.45,211.45,258.62,67.84,503.97,,,
Stage 02,Users extraido,2,medium,post_order,2.95,4.7,5.66,8.42,3.3,25.55,,,0
Stage 02,Users extraido,2,low,post_order,5.9,9.54,11.08,15.18,6.26,35.14,,,0
Stage 02,Users extraido,2,low,get_inventory,2.3,4.31,5.32,8.21,2.62,20.6,,,0
Stage 02,Users extraido,2,high,get_product,26.04,187.54,213.49,271.76,68.55,517.19,,,0
Stage 02,Users extraido,2,medium,get_user,1.15,1.99,2.52,4.38,1.35,15.18,,,0
Stage 02,Users extraido,2,todos,todos,5.25,151.85,187.29,246.78,36.04,522.04,1768.6,1804196,0
Stage 02,Users extraido,2,todos,list_orders,5.93,154.73,189.58,249.34,37.3,505.01,,,0
Stage 02,Users extraido,2,low,list_products,2.35,4.43,5.48,8.17,2.68,30.48,,,0
Stage 02,Users extraido,2,high,get_user,17.02,178.04,204.2,261.28,61.07,512.31,,,0
Stage 02,Users extraido,2,medium,todos,1.25,3.02,3.75,5.9,1.67,25.55,,,
Stage 02,Users extraido,2,medium,list_orders,1.43,2.61,3.32,5.41,1.7,16.04,,,0
Stage 02,Users extraido,2,high,post_order,35.71,194.3,221.11,279.42,76.54,522.04,,,0
Stage 02,Users extraido,2,low,todos,2.65,6.07,7.59,11.05,3.26,35.14,,,
Stage 02,Users extraido,2,todos,get_product,4.87,153.43,188.62,248.55,36.22,517.19,,,0
Stage 02,Users extraido,2,high,todos,25.76,186.18,212.62,270.3,67.78,522.04,,,
Stage 02,Users extraido,2,low,get_user,2.34,4.25,5.16,7.73,2.63,28.62,,,0
Stage 02,Users extraido,2,todos,list_products,4.96,153.77,189.06,248.46,36.44,517.33,,,0
Stage 02,Users extraido,2,low,get_product,2.33,4.39,5.5,8.41,2.66,28.26,,,0
Stage 02,Users extraido,2,medium,get_inventory,1.09,2.02,2.58,4.43,1.31,15.97,,,0
Stage 02,Users extraido,2,todos,post_order,10.48,160.15,195.43,255.59,41.63,522.04,,,0
Stage 02,Users extraido,2,high,list_orders,28.75,188.49,214.93,272.95,70.38,505.01,,,0
Stage 02,Users extraido,2,low,list_orders,3.11,5.5,6.6,9.91,3.44,24.17,,,0
Stage 02,Users extraido,2,medium,get_product,1.1,2.01,2.57,4.43,1.32,14.19,,,0
Stage 02,Users extraido,2,high,get_inventory,26.44,187.8,214.2,271.48,69.0,488.77,,,0
Stage 02,Users extraido,2,todos,get_user,3.88,144.19,179.26,236.79,32.34,512.31,,,0
Stage 02,Users extraido,2,high,list_products,26.12,187.93,214.2,271.22,68.78,517.33,,,0
Stage 02,Users extraido,2,medium,list_products,1.11,2.05,2.61,4.5,1.34,15.98,,,0
Stage 02,Users extraido,2,todos,get_inventory,4.92,154.16,189.13,248.31,36.47,488.77,,,0
Stage 02,Users extraido,3,high,get_inventory,26.82,183.95,208.01,256.09,67.63,451.42,,,0
Stage 02,Users extraido,3,high,post_order,36.83,190.65,215.47,266.42,75.99,452.19,,,0
Stage 02,Users extraido,3,medium,list_products,1.13,2.09,2.68,4.8,1.37,47.66,,,0
Stage 02,Users extraido,3,high,get_product,27.12,184.72,209.24,258.08,68.36,450.96,,,0
Stage 02,Users extraido,3,medium,get_product,1.12,2.07,2.68,4.84,1.36,42.01,,,0
Stage 02,Users extraido,3,medium,post_order,3.0,4.82,5.81,9.08,3.38,40.25,,,0
Stage 02,Users extraido,3,low,get_product,2.3,4.37,5.38,8.18,2.63,19.75,,,0
Stage 02,Users extraido,3,medium,get_user,1.17,2.03,2.58,4.49,1.38,47.25,,,0
Stage 02,Users extraido,3,high,list_orders,29.6,185.61,209.53,259.45,69.9,445.7,,,0
Stage 02,Users extraido,3,todos,list_orders,6.17,151.95,186.07,239.23,37.22,445.7,,,0
Stage 02,Users extraido,3,low,todos,2.64,6.11,7.65,11.26,3.26,31.08,,,
Stage 02,Users extraido,3,todos,post_order,10.81,156.81,191.31,245.12,41.39,452.19,,,0
Stage 02,Users extraido,3,todos,todos,5.37,148.87,183.38,236.1,35.72,504.92,1772.5,1808142,0
Stage 02,Users extraido,3,todos,get_product,5.06,151.19,185.26,237.94,36.13,450.96,,,0
Stage 02,Users extraido,3,todos,list_products,5.03,150.11,184.39,236.48,35.83,504.92,,,0
Stage 02,Users extraido,3,medium,todos,1.27,3.08,3.85,6.2,1.7,47.66,,,
Stage 02,Users extraido,3,high,list_products,27.25,183.96,208.65,256.78,67.98,504.92,,,0
Stage 02,Users extraido,3,low,get_user,2.33,4.22,5.14,7.7,2.61,21.71,,,0
Stage 02,Users extraido,3,todos,get_user,3.93,141.75,175.54,227.71,32.1,451.29,,,0
Stage 02,Users extraido,3,medium,list_orders,1.45,2.66,3.38,5.78,1.73,28.56,,,0
Stage 02,Users extraido,3,low,list_products,2.33,4.39,5.44,8.1,2.66,21.61,,,0
Stage 02,Users extraido,3,low,post_order,5.93,9.76,11.38,15.39,6.32,31.08,,,0
Stage 02,Users extraido,3,high,get_user,17.39,174.91,199.57,247.19,60.52,451.29,,,0
Stage 02,Users extraido,3,low,list_orders,3.08,5.53,6.68,9.83,3.42,28.68,,,0
Stage 02,Users extraido,3,medium,get_inventory,1.11,2.05,2.67,4.8,1.34,27.01,,,0
Stage 02,Users extraido,3,todos,get_inventory,5.0,149.98,184.43,236.54,35.74,451.42,,,0
Stage 02,Users extraido,3,low,get_inventory,2.26,4.27,5.23,7.89,2.58,19.05,,,0
Stage 02,Users extraido,3,high,todos,26.64,182.79,207.47,256.43,67.17,504.92,,,
Stage 03,Products extraido,1,low,post_order,5.96,9.55,11.06,14.72,6.31,31.17,,,0
Stage 03,Products extraido,1,medium,post_order,3.17,5.35,6.81,11.98,3.68,25.59,,,0
Stage 03,Products extraido,1,high,post_order,22.13,48.42,60.63,91.71,26.58,196.83,,,0
Stage 03,Products extraido,1,low,get_inventory,2.35,4.28,5.24,8.08,2.64,21.54,,,0
Stage 03,Products extraido,1,high,get_user,9.71,30.46,43.26,78.02,14.48,188.31,,,0
Stage 03,Products extraido,1,medium,list_products,1.24,2.27,2.96,5.2,1.49,22.23,,,0
Stage 03,Products extraido,1,todos,get_inventory,5.82,28.01,39.6,70.46,11.17,179.14,,,0
Stage 03,Products extraido,1,low,get_product,2.39,4.34,5.3,7.87,2.68,22.72,,,0
Stage 03,Products extraido,1,medium,list_orders,1.53,2.83,3.62,6.09,1.84,19.13,,,0
Stage 03,Products extraido,1,low,list_orders,3.11,5.54,6.69,9.7,3.46,22.36,,,0
Stage 03,Products extraido,1,high,get_inventory,12.37,36.64,49.06,82.0,17.41,179.14,,,0
Stage 03,Products extraido,1,medium,todos,1.37,3.31,4.18,7.06,1.84,27.67,,,
Stage 03,Products extraido,1,todos,todos,5.96,27.83,39.35,70.66,11.24,196.83,2160.0,2203414,0
Stage 03,Products extraido,1,high,list_products,10.12,31.16,43.65,78.88,14.89,183.93,,,0
Stage 03,Products extraido,1,todos,get_product,5.16,23.24,34.13,67.03,9.72,178.17,,,0
Stage 03,Products extraido,1,todos,post_order,12.68,39.59,51.25,81.22,17.73,196.83,,,0
Stage 03,Products extraido,1,medium,get_product,1.24,2.26,2.94,5.17,1.49,27.67,,,0
Stage 03,Products extraido,1,low,todos,2.69,6.12,7.61,10.92,3.29,31.17,,,
Stage 03,Products extraido,1,high,list_orders,13.99,39.03,51.47,83.86,19.04,187.88,,,0
Stage 03,Products extraido,1,medium,get_user,1.22,2.24,2.91,5.1,1.47,25.37,,,0
Stage 03,Products extraido,1,high,get_product,10.16,31.25,44.11,79.1,14.94,178.17,,,0
Stage 03,Products extraido,1,todos,list_products,5.16,23.19,33.97,66.52,9.68,183.93,,,0
Stage 03,Products extraido,1,low,get_user,2.35,4.24,5.15,7.78,2.64,23.23,,,0
Stage 03,Products extraido,1,todos,get_user,4.95,22.57,33.37,66.11,9.43,188.31,,,0
Stage 03,Products extraido,1,todos,list_orders,7.04,30.36,41.94,72.42,12.4,187.88,,,0
Stage 03,Products extraido,1,low,list_products,2.4,4.34,5.31,7.81,2.7,23.47,,,0
Stage 03,Products extraido,1,medium,get_inventory,1.19,2.23,2.88,5.01,1.44,17.19,,,0
Stage 03,Products extraido,1,high,todos,12.02,36.37,49.01,82.17,17.19,196.83,,,
Stage 03,Products extraido,2,low,get_user,2.31,4.31,5.28,7.87,2.62,21.2,,,0
Stage 03,Products extraido,2,medium,get_user,1.22,2.19,2.8,4.84,1.45,19.33,,,0
Stage 03,Products extraido,2,medium,get_inventory,1.19,2.2,2.8,4.86,1.43,18.41,,,0
Stage 03,Products extraido,2,low,get_inventory,2.3,4.33,5.3,7.86,2.61,22.68,,,0
Stage 03,Products extraido,2,medium,post_order,3.17,5.12,6.15,9.2,3.55,24.83,,,0
Stage 03,Products extraido,2,medium,list_products,1.24,2.27,2.91,4.89,1.48,15.86,,,0
Stage 03,Products extraido,2,low,todos,2.65,6.1,7.61,11.21,3.26,31.1,,,
Stage 03,Products extraido,2,high,get_inventory,12.69,37.17,49.52,80.88,17.7,210.2,,,0
Stage 03,Products extraido,2,low,post_order,5.88,9.69,11.47,15.47,6.28,31.1,,,0
Stage 03,Products extraido,2,high,get_user,9.84,30.9,43.34,76.53,14.61,218.63,,,0
Stage 03,Products extraido,2,todos,get_product,5.21,23.69,34.35,65.73,9.8,213.12,,,0
Stage 03,Products extraido,2,high,todos,12.28,36.9,49.22,81.19,17.43,218.63,,,
Stage 03,Products extraido,2,todos,todos,6.01,28.3,39.74,70.05,11.37,218.63,2157.4,2200785,0
Stage 03,Products extraido,2,low,list_products,2.34,4.39,5.4,8.13,2.67,19.24,,,0
Stage 03,Products extraido,2,todos,get_user,4.95,22.9,33.73,64.89,9.49,218.63,,,0
Stage 03,Products extraido,2,todos,get_inventory,5.87,28.58,39.99,69.75,11.33,210.2,,,0
Stage 03,Products extraido,2,todos,post_order,12.92,40.37,52.0,81.23,17.98,216.86,,,0
Stage 03,Products extraido,2,high,list_products,10.37,31.76,43.82,76.68,15.15,203.27,,,0
Stage 03,Products extraido,2,medium,list_orders,1.54,2.8,3.53,5.8,1.83,17.7,,,0
Stage 03,Products extraido,2,todos,list_orders,7.12,30.77,42.15,71.89,12.52,216.37,,,0
Stage 03,Products extraido,2,medium,get_product,1.24,2.23,2.87,4.87,1.47,15.83,,,0
Stage 03,Products extraido,2,low,list_orders,3.09,5.57,6.84,9.75,3.43,19.22,,,0
Stage 03,Products extraido,2,low,get_product,2.34,4.35,5.39,8.18,2.66,18.38,,,0
Stage 03,Products extraido,2,high,list_orders,14.24,39.35,51.62,82.72,19.31,216.37,,,0
Stage 03,Products extraido,2,medium,todos,1.37,3.27,4.07,6.39,1.81,24.83,,,
Stage 03,Products extraido,2,high,post_order,22.44,49.21,61.46,91.96,27.03,216.86,,,0
Stage 03,Products extraido,2,high,get_product,10.32,31.64,43.81,77.33,15.08,213.12,,,0
Stage 03,Products extraido,2,todos,list_products,5.23,23.88,34.59,65.18,9.84,203.27,,,0
Stage 03,Products extraido,3,high,list_orders,13.64,38.3,50.55,81.51,18.67,216.23,,,0
Stage 03,Products extraido,3,todos,list_products,5.11,23.11,34.03,65.15,9.62,224.79,,,0
Stage 03,Products extraido,3,todos,post_order,12.58,39.0,50.46,80.0,17.46,231.84,,,0
Stage 03,Products extraido,3,todos,get_user,4.82,22.21,33.09,64.98,9.28,215.07,,,0
Stage 03,Products extraido,3,medium,list_products,1.22,2.15,2.73,4.62,1.43,16.22,,,0
Stage 03,Products extraido,3,low,get_user,2.33,4.3,5.24,7.82,2.64,23.15,,,0
Stage 03,Products extraido,3,medium,get_user,1.19,2.09,2.65,4.51,1.41,20.96,,,0
Stage 03,Products extraido,3,low,get_product,2.37,4.32,5.29,8.01,2.67,19.1,,,0
Stage 03,Products extraido,3,high,post_order,21.53,47.6,59.75,90.42,26.06,231.84,,,0
Stage 03,Products extraido,3,low,list_products,2.39,4.46,5.49,8.54,2.73,24.95,,,0
Stage 03,Products extraido,3,medium,get_product,1.21,2.13,2.72,4.62,1.43,19.45,,,0
Stage 03,Products extraido,3,high,get_user,9.51,30.29,42.61,76.17,14.27,215.07,,,0
Stage 03,Products extraido,3,todos,get_product,5.08,23.01,33.98,65.74,9.59,214.25,,,0
Stage 03,Products extraido,3,low,get_inventory,2.34,4.34,5.39,8.18,2.67,20.36,,,0
Stage 03,Products extraido,3,high,get_product,9.96,31.08,43.42,76.38,14.71,214.25,,,0
Stage 03,Products extraido,3,high,get_inventory,12.0,36.03,48.12,79.57,17.02,223.75,,,0
Stage 03,Products extraido,3,todos,todos,5.86,27.48,38.8,69.41,11.07,231.84,2163.1,2206835,0
Stage 03,Products extraido,3,low,list_orders,3.14,5.57,6.75,9.99,3.48,26.18,,,0
Stage 03,Products extraido,3,high,list_products,10.0,31.11,43.33,76.76,14.76,224.79,,,0
Stage 03,Products extraido,3,low,todos,2.68,6.08,7.62,11.13,3.29,33.7,,,
Stage 03,Products extraido,3,medium,post_order,3.08,4.88,5.86,8.82,3.44,23.53,,,0
Stage 03,Products extraido,3,low,post_order,5.89,9.6,11.12,15.33,6.28,33.7,,,0
Stage 03,Products extraido,3,todos,get_inventory,5.68,27.52,38.75,68.55,10.93,223.75,,,0
Stage 03,Products extraido,3,medium,get_inventory,1.16,2.09,2.66,4.42,1.38,14.34,,,0
Stage 03,Products extraido,3,medium,todos,1.33,3.15,3.89,6.1,1.75,23.53,,,
Stage 03,Products extraido,3,todos,list_orders,6.83,29.81,41.16,71.49,12.11,216.23,,,0
Stage 03,Products extraido,3,medium,list_orders,1.5,2.68,3.36,5.51,1.77,21.36,,,0
Stage 03,Products extraido,3,high,todos,11.8,35.96,48.22,80.12,16.93,231.84,,,
Stage 04,Orders e Inventory extraidos,1,medium,list_products,1.71,3.71,4.75,7.67,2.15,35.25,,,0
Stage 04,Orders e Inventory extraidos,1,medium,todos,1.97,6.79,10.25,18.76,3.27,58.64,,,
Stage 04,Orders e Inventory extraidos,1,todos,get_product,5.12,28.08,42.33,81.66,11.19,306.25,,,0
Stage 04,Orders e Inventory extraidos,1,low,post_order,6.78,12.05,14.39,19.32,7.65,33.14,,,4.429
Stage 04,Orders e Inventory extraidos,1,todos,list_products,5.14,28.3,42.57,82.29,11.27,306.23,,,0
Stage 04,Orders e Inventory extraidos,1,high,get_inventory,10.58,38.67,55.18,97.59,17.23,304.96,,,0
Stage 04,Orders e Inventory extraidos,1,low,list_orders,2.41,4.87,6.07,9.36,2.87,17.75,,,0
Stage 04,Orders e Inventory extraidos,1,high,get_user,11.79,40.6,56.61,97.42,18.36,313.17,,,0
Stage 04,Orders e Inventory extraidos,1,low,get_product,1.75,3.54,4.52,7.17,2.11,14.47,,,0
Stage 04,Orders e Inventory extraidos,1,medium,get_inventory,1.76,3.62,4.6,7.3,2.17,22.07,,,0
Stage 04,Orders e Inventory extraidos,1,todos,list_orders,12.69,154.97,231.74,623.51,61.25,1890.47,,,0
Stage 04,Orders e Inventory extraidos,1,high,todos,16.5,134.45,213.45,607.99,52.99,2189.84,,,
Stage 04,Orders e Inventory extraidos,1,high,get_product,12.07,40.52,56.37,98.7,18.53,306.25,,,0
Stage 04,Orders e Inventory extraidos,1,todos,get_user,4.99,27.92,42.29,81.85,11.09,313.17,,,0
Stage 04,Orders e Inventory extraidos,1,medium,get_user,1.68,3.64,4.67,7.44,2.1,26.26,,,0
Stage 04,Orders e Inventory extraidos,1,high,post_order,132.04,406.99,630.69,1078.38,187.58,2189.84,,,4.429
Stage 04,Orders e Inventory extraidos,1,todos,post_order,32.93,258.15,434.98,910.16,106.22,2189.84,,,4.429
Stage 04,Orders e Inventory extraidos,1,medium,post_order,7.41,16.71,20.05,27.15,9.3,58.64,,,4.429
Stage 04,Orders e Inventory extraidos,1,medium,list_orders,2.24,4.95,6.37,10.17,2.83,32.01,,,0
Stage 04,Orders e Inventory extraidos,1,high,list_products,12.1,40.75,56.44,98.93,18.61,306.23,,,0
Stage 04,Orders e Inventory extraidos,1,low,todos,2.05,6.36,8.44,13.47,3.02,33.14,,,
Stage 04,Orders e Inventory extraidos,1,low,get_inventory,1.83,3.45,4.37,6.89,2.15,15.35,,,0
Stage 04,Orders e Inventory extraidos,1,medium,get_product,1.7,3.68,4.74,7.64,2.13,28.04,,,0
Stage 04,Orders e Inventory extraidos,1,low,get_user,1.75,3.54,4.47,7.06,2.1,19.14,,,0
Stage 04,Orders e Inventory extraidos,1,todos,get_inventory,4.64,26.05,40.47,81.55,10.51,304.96,,,0
Stage 04,Orders e Inventory extraidos,1,todos,todos,6.65,65.25,142.05,426.77,30.36,2189.84,1843.6,1880825,0.663
Stage 04,Orders e Inventory extraidos,1,low,list_products,1.77,3.54,4.54,7.24,2.13,27.21,,,0
Stage 04,Orders e Inventory extraidos,1,high,list_orders,70.77,218.34,387.1,772.28,110.81,1890.47,,,0
Stage 04,Orders e Inventory extraidos,2,high,get_product,14.02,46.95,65.29,108.08,21.29,318.37,,,0
Stage 04,Orders e Inventory extraidos,2,todos,get_inventory,5.25,30.18,46.48,89.61,12.01,269.53,,,0
Stage 04,Orders e Inventory extraidos,2,medium,get_user,1.94,4.68,6.26,11.88,2.68,123.24,,,0
Stage 04,Orders e Inventory extraidos,2,medium,get_product,1.95,4.65,6.19,11.71,2.64,92.55,,,0
Stage 04,Orders e Inventory extraidos,2,high,get_user,13.68,46.63,65.04,110.37,21.11,317.92,,,0
Stage 04,Orders e Inventory extraidos,2,high,todos,19.2,137.64,215.66,552.72,53.95,1976.49,,,
Stage 04,Orders e Inventory extraidos,2,high,post_order,132.2,361.3,559.41,1005.36,181.26,1976.49,,,3.841
Stage 04,Orders e Inventory extraidos,2,todos,todos,7.63,71.73,144.99,377.35,31.12,1976.49,1829.1,1865817,0.576
Stage 04,Orders e Inventory extraidos,2,high,list_orders,72.93,218.3,368.97,719.09,110.61,1688.72,,,0
Stage 04,Orders e Inventory extraidos,2,medium,todos,2.31,8.24,12.47,24.27,3.98,161.44,,,
Stage 04,Orders e Inventory extraidos,2,todos,post_order,37.35,255.03,377.71,838.62,103.0,1976.49,,,3.841
Stage 04,Orders e Inventory extraidos,2,medium,get_inventory,2.01,4.67,6.17,11.79,2.7,93.47,,,0
Stage 04,Orders e Inventory extraidos,2,todos,get_product,5.9,32.82,49.25,91.9,12.96,318.37,,,0
Stage 04,Orders e Inventory extraidos,2,low,post_order,7.41,12.53,14.62,19.16,8.13,32.23,,,3.841
Stage 04,Orders e Inventory extraidos,2,todos,list_products,5.9,32.72,49.25,93.41,12.98,281.24,,,0
Stage 04,Orders e Inventory extraidos,2,low,list_orders,2.65,5.29,6.55,9.77,3.11,18.56,,,0
Stage 04,Orders e Inventory extraidos,2,todos,get_user,5.74,32.54,48.85,93.1,12.83,317.92,,,0
Stage 04,Orders e Inventory extraidos,2,high,list_products,14.06,46.95,65.31,109.36,21.31,281.24,,,0
Stage 04,Orders e Inventory extraidos,2,medium,list_products,1.96,4.68,6.29,12.01,2.66,93.75,,,0
Stage 04,Orders e Inventory extraidos,2,medium,post_order,8.3,19.48,24.45,39.61,10.82,161.44,,,3.841
Stage 04,Orders e Inventory extraidos,2,low,get_inventory,2.01,3.75,4.66,7.23,2.33,16.89,,,0
Stage 04,Orders e Inventory extraidos,2,high,get_inventory,12.24,44.26,62.48,106.32,19.57,269.53,,,0
Stage 04,Orders e Inventory extraidos,2,low,todos,2.28,6.93,9.05,13.84,3.27,32.23,,,
Stage 04,Orders e Inventory extraidos,2,low,get_user,1.95,3.89,4.87,7.66,2.31,21.91,,,0
Stage 04,Orders e Inventory extraidos,2,low,get_product,1.96,3.9,4.93,7.58,2.32,15.66,,,0
Stage 04,Orders e Inventory extraidos,2,medium,list_orders,2.59,6.24,8.42,16.24,3.52,124.72,,,0
Stage 04,Orders e Inventory extraidos,2,todos,list_orders,15.17,159.4,224.54,591.95,60.99,1688.72,,,0
Stage 04,Orders e Inventory extraidos,2,low,list_products,1.99,3.94,4.95,7.77,2.35,18.8,,,0
Stage 04,Orders e Inventory extraidos,3,medium,list_orders,2.44,5.61,7.27,11.75,3.15,944.3,,,0
Stage 04,Orders e Inventory extraidos,3,low,get_product,1.95,3.82,4.83,7.57,2.3,19.86,,,0
Stage 04,Orders e Inventory extraidos,3,medium,todos,2.15,7.43,11.01,19.9,3.56,948.55,,,
Stage 04,Orders e Inventory extraidos,3,high,get_product,13.66,46.26,64.86,108.13,20.92,259.98,,,0
Stage 04,Orders e Inventory extraidos,3,todos,get_product,5.68,32.01,48.12,90.48,12.63,259.98,,,0
Stage 04,Orders e Inventory extraidos,3,todos,get_user,5.56,31.73,47.81,90.67,12.48,942.25,,,0
Stage 04,Orders e Inventory extraidos,3,low,list_orders,2.68,5.19,6.39,9.48,3.11,22.58,,,0
Stage 04,Orders e Inventory extraidos,3,todos,list_products,5.66,32.03,48.06,90.5,12.62,277.4,,,0
Stage 04,Orders e Inventory extraidos,3,low,post_order,7.45,12.24,14.28,18.46,8.1,32.1,,,4.441
Stage 04,Orders e Inventory extraidos,3,high,todos,18.74,132.38,204.02,550.16,53.05,2181.92,,,
Stage 04,Orders e Inventory extraidos,3,medium,get_product,1.83,4.18,5.44,9.06,2.35,47.49,,,0
Stage 04,Orders e Inventory extraidos,3,medium,get_user,1.82,4.16,5.44,8.86,2.35,942.25,,,0
Stage 04,Orders e Inventory extraidos,3,high,list_orders,72.28,214.92,364.55,674.89,107.88,1908.76,,,0
Stage 04,Orders e Inventory extraidos,3,medium,get_inventory,1.91,4.18,5.41,8.65,2.41,38.48,,,0
Stage 04,Orders e Inventory extraidos,3,todos,post_order,37.28,243.23,386.11,849.05,102.04,2181.92,,,4.441
Stage 04,Orders e Inventory extraidos,3,low,list_products,1.97,3.89,4.9,7.78,2.33,23.58,,,0
Stage 04,Orders e Inventory extraidos,3,high,get_user,13.38,45.97,64.29,107.23,20.67,261.59,,,0
Stage 04,Orders e Inventory extraidos,3,todos,todos,7.37,71.64,139.45,383.98,30.59,2181.92,1835.9,1874667,0.667
Stage 04,Orders e Inventory extraidos,3,low,get_inventory,2.02,3.76,4.69,7.28,2.34,15.7,,,0
Stage 04,Orders e Inventory extraidos,3,medium,post_order,7.88,17.52,21.29,29.27,9.85,948.55,,,4.441
Stage 04,Orders e Inventory extraidos,3,todos,get_inventory,5.11,29.31,45.07,88.7,11.73,272.93,,,0
Stage 04,Orders e Inventory extraidos,3,high,get_inventory,11.89,43.07,61.33,105.73,19.14,259.33,,,0
Stage 04,Orders e Inventory extraidos,3,low,todos,2.27,6.95,9.08,13.59,3.26,32.1,,,
Stage 04,Orders e Inventory extraidos,3,medium,list_products,1.84,4.2,5.46,8.91,2.36,43.93,,,0
Stage 04,Orders e Inventory extraidos,3,low,get_user,1.94,3.82,4.77,7.52,2.3,24.72,,,0
Stage 04,Orders e Inventory extraidos,3,todos,list_orders,14.65,150.64,223.63,557.85,59.42,1908.76,,,0
Stage 04,Orders e Inventory extraidos,3,high,list_products,13.63,46.34,64.94,107.71,20.92,277.4,,,0
Stage 04,Orders e Inventory extraidos,3,high,post_order,128.15,362.74,568.84,1015.49,178.73,2181.92,,,4.441
Stage 05,Microsservicos completos,1,high,post_order,95.43,433.51,645.36,1109.46,169.41,2490.02,,,8.37
Stage 05,Microsservicos completos,1,high,list_orders,47.24,179.62,305.11,546.45,81.32,1709.79,,,0
Stage 05,Microsservicos completos,1,high,get_user,7.19,23.12,32.5,60.99,11.02,268.89,,,0
Stage 05,Microsservicos completos,1,low,todos,1.84,6.31,8.41,12.93,2.79,33.05,,,
Stage 05,Microsservicos completos,1,todos,get_product,3.37,16.51,24.58,50.14,6.92,267.34,,,0
Stage 05,Microsservicos completos,1,todos,post_order,22.62,245.4,459.6,944.82,96.47,2490.02,,,8.37
Stage 05,Microsservicos completos,1,medium,list_products,1.11,2.39,3.14,5.3,1.41,18.63,,,0
Stage 05,Microsservicos completos,1,todos,get_user,3.31,16.26,24.27,49.16,6.82,268.89,,,0
Stage 05,Microsservicos completos,1,todos,list_products,3.47,16.71,24.84,50.82,7.06,269.86,,,0
Stage 05,Microsservicos completos,1,medium,get_inventory,1.14,2.3,3.02,5.08,1.41,15.51,,,0
Stage 05,Microsservicos completos,1,high,get_product,7.35,23.41,32.95,61.57,11.22,267.34,,,0
Stage 05,Microsservicos completos,1,todos,todos,4.6,42.76,105.81,417.07,24.12,2490.02,1931.8,1970664,1.257
Stage 05,Microsservicos completos,1,medium,post_order,5.81,11.74,13.88,19.21,7.03,40.2,,,8.37
Stage 05,Microsservicos completos,1,todos,get_inventory,3.12,14.72,22.16,46.06,6.34,261.23,,,0
Stage 05,Microsservicos completos,1,medium,todos,1.26,5.18,7.8,13.08,2.28,40.2,,,
Stage 05,Microsservicos completos,1,low,list_orders,2.3,4.37,5.32,8.5,2.67,20.66,,,0
Stage 05,Microsservicos completos,1,todos,list_orders,8.02,118.78,189.29,461.47,45.11,1709.79,,,0
Stage 05,Microsservicos completos,1,low,get_product,1.54,2.96,3.67,5.83,1.81,21.38,,,0
Stage 05,Microsservicos completos,1,low,get_inventory,1.59,2.94,3.66,5.5,1.85,29.9,,,0
Stage 05,Microsservicos completos,1,medium,get_product,1.06,2.31,3.07,5.24,1.36,18.61,,,0
Stage 05,Microsservicos completos,1,high,todos,9.91,97.91,174.81,581.3,41.87,2490.02,,,
Stage 05,Microsservicos completos,1,high,list_products,7.5,23.6,33.24,62.95,11.41,269.86,,,0
Stage 05,Microsservicos completos,1,medium,get_user,1.06,2.3,3.05,5.22,1.35,19.1,,,0
Stage 05,Microsservicos completos,1,medium,list_orders,1.52,3.29,4.32,7.1,1.94,22.26,,,0
Stage 05,Microsservicos completos,1,low,get_user,1.54,2.95,3.66,5.69,1.8,18.79,,,0
Stage 05,Microsservicos completos,1,low,list_products,1.64,3.09,3.79,6.04,1.9,17.16,,,0
Stage 05,Microsservicos completos,1,low,post_order,7.05,11.63,13.55,17.95,7.69,33.05,,,8.37
Stage 05,Microsservicos completos,1,high,get_inventory,6.53,21.12,29.96,57.55,10.11,261.23,,,0
Stage 05,Microsservicos completos,2,high,todos,10.25,96.86,167.9,586.31,41.65,2069.7,,,
Stage 05,Microsservicos completos,2,low,list_products,1.69,3.23,3.97,5.9,1.96,20.11,,,0
Stage 05,Microsservicos completos,2,high,get_inventory,6.6,22.11,31.85,62.31,10.5,265.09,,,0
Stage 05,Microsservicos completos,2,high,get_user,7.29,23.93,33.95,63.13,11.34,265.09,,,0
Stage 05,Microsservicos completos,2,low,get_user,1.6,3.03,3.78,5.76,1.86,20.12,,,0
Stage 05,Microsservicos completos,2,todos,get_user,3.35,16.73,25.23,52.02,7.01,265.09,,,0
Stage 05,Microsservicos completos,2,medium,get_product,1.07,2.32,3.1,5.42,1.37,19.01,,,0
Stage 05,Microsservicos completos,2,medium,todos,1.26,5.15,7.63,12.57,2.27,40.89,,,
Stage 05,Microsservicos completos,2,low,post_order,7.25,11.73,13.49,17.24,7.81,30.67,,,8.147
Stage 05,Microsservicos completos,2,low,get_product,1.6,3.05,3.76,5.8,1.86,18.0,,,0
Stage 05,Microsservicos completos,2,todos,get_inventory,3.12,15.26,23.35,49.82,6.57,265.09,,,0
Stage 05,Microsservicos completos,2,todos,post_order,24.76,230.06,450.98,919.96,94.28,2069.7,,,8.147
Stage 05,Microsservicos completos,2,medium,get_user,1.06,2.31,3.08,5.29,1.36,21.13,,,0
Stage 05,Microsservicos completos,2,high,post_order,93.06,425.15,644.89,1060.03,165.28,2069.7,,,8.147
Stage 05,Microsservicos completos,2,medium,post_order,5.69,11.3,13.33,18.68,6.87,40.89,,,8.147
Stage 05,Microsservicos completos,2,low,get_inventory,1.68,3.05,3.76,5.77,1.92,17.58,,,0
Stage 05,Microsservicos completos,2,medium,get_inventory,1.14,2.32,3.05,5.18,1.43,19.35,,,0
Stage 05,Microsservicos completos,2,high,list_products,7.68,25.2,35.59,66.84,11.97,263.11,,,0
Stage 05,Microsservicos completos,2,medium,list_orders,1.52,3.29,4.33,7.31,1.94,20.17,,,0
Stage 05,Microsservicos completos,2,low,todos,1.91,6.47,8.62,12.8,2.86,30.67,,,
Stage 05,Microsservicos completos,2,low,list_orders,2.37,4.42,5.42,8.12,2.7,20.41,,,0
Stage 05,Microsservicos completos,2,todos,list_orders,9.13,120.3,197.94,487.32,47.18,1567.93,,,0
Stage 05,Microsservicos completos,2,high,get_product,7.55,24.67,34.73,65.36,11.71,262.17,,,0
Stage 05,Microsservicos completos,2,medium,list_products,1.12,2.38,3.18,5.5,1.42,23.76,,,0
Stage 05,Microsservicos completos,2,todos,list_products,3.56,17.73,26.58,54.51,7.4,263.11,,,0
Stage 05,Microsservicos completos,2,high,list_orders,49.2,181.1,300.72,587.98,82.94,1567.93,,,0
Stage 05,Microsservicos completos,2,todos,get_product,3.43,17.29,25.95,53.03,7.21,262.17,,,0
Stage 05,Microsservicos completos,2,todos,todos,4.68,45.86,105.28,412.58,24.18,2069.7,1931.2,1970109,1.22
Stage 05,Microsservicos completos,3,high,get_product,6.77,22.69,33.16,63.45,10.7,242.78,,,0
Stage 05,Microsservicos completos,3,medium,get_product,1.04,2.21,2.93,5.17,1.32,21.59,,,0
Stage 05,Microsservicos completos,3,medium,todos,1.23,5.06,7.51,12.33,2.21,29.51,,,
Stage 05,Microsservicos completos,3,low,get_inventory,1.64,2.97,3.62,5.55,1.88,14.1,,,0
Stage 05,Microsservicos completos,3,todos,todos,4.35,37.95,90.14,422.7,22.63,2230.81,1957.0,1996297,1.435
Stage 05,Microsservicos completos,3,low,list_products,1.65,3.06,3.77,5.84,1.9,14.3,,,0
Stage 05,Microsservicos completos,3,todos,get_product,3.14,15.65,24.07,51.14,6.65,242.78,,,0
Stage 05,Microsservicos completos,3,medium,get_user,1.03,2.2,2.94,5.1,1.32,24.62,,,0
Stage 05,Microsservicos completos,3,low,get_product,1.57,2.94,3.65,5.63,1.82,16.65,,,0
Stage 05,Microsservicos completos,3,todos,get_inventory,2.93,13.97,21.38,47.09,6.1,245.14,,,0
Stage 05,Microsservicos completos,3,medium,post_order,5.61,11.19,13.06,17.4,6.75,29.51,,,9.54
Stage 05,Microsservicos completos,3,low,list_orders,2.35,4.34,5.38,7.97,2.68,20.99,,,0
Stage 05,Microsservicos completos,3,todos,list_products,3.29,15.91,24.24,51.88,6.79,253.87,,,0
Stage 05,Microsservicos completos,3,todos,get_user,3.12,15.28,23.52,51.96,6.56,252.66,,,0
Stage 05,Microsservicos completos,3,todos,post_order,18.92,250.67,460.86,915.45,90.81,2230.81,,,9.54
Stage 05,Microsservicos completos,3,medium,list_products,1.1,2.29,3.05,5.38,1.39,20.51,,,0
Stage 05,Microsservicos completos,3,high,list_orders,35.49,160.56,274.88,608.93,71.7,1731.41,,,0
Stage 05,Microsservicos completos,3,medium,list_orders,1.49,3.17,4.16,6.92,1.89,27.08,,,0
Stage 05,Microsservicos completos,3,todos,list_orders,6.51,99.89,171.12,486.88,40.24,1731.41,,,0
Stage 05,Microsservicos completos,3,high,get_user,6.58,22.17,32.75,63.76,10.52,252.66,,,0
Stage 05,Microsservicos completos,3,high,post_order,78.53,434.09,631.1,1089.89,158.27,2230.81,,,9.54
Stage 05,Microsservicos completos,3,low,todos,1.85,6.36,8.43,12.47,2.79,26.83,,,
Stage 05,Microsservicos completos,3,high,get_inventory,6.03,20.09,29.39,59.44,9.61,245.14,,,0
Stage 05,Microsservicos completos,3,medium,get_inventory,1.12,2.22,2.91,4.99,1.39,15.59,,,0
Stage 05,Microsservicos completos,3,high,todos,9.0,82.53,155.63,585.79,38.92,2230.81,,,
Stage 05,Microsservicos completos,3,high,list_products,6.91,22.9,33.55,63.88,10.87,253.87,,,0
Stage 05,Microsservicos completos,3,low,get_user,1.55,2.93,3.63,5.58,1.8,18.55,,,0
Stage 05,Microsservicos completos,3,low,post_order,7.12,11.36,13.13,17.18,7.65,26.83,,,9.54
Stage 05b,Microsservicos com gateway pareado (controle),1,high,post_order,125.64,369.65,583.34,1075.29,181.67,2173.02,,,4.397
Stage 05b,Microsservicos com gateway pareado (controle),1,todos,get_inventory,5.1,30.03,46.16,90.78,11.87,334.57,,,0
Stage 05b,Microsservicos com gateway pareado (controle),1,medium,list_products,1.91,4.3,5.56,9.52,2.46,61.75,,,0
Stage 05b,Microsservicos com gateway pareado (controle),1,medium,get_user,1.89,4.26,5.52,9.37,2.43,60.62,,,0
Stage 05b,Microsservicos com gateway pareado (controle),1,high,get_product,13.81,46.99,65.8,109.99,21.24,348.86,,,0
Stage 05b,Microsservicos com gateway pareado (controle),1,low,list_orders,2.59,5.29,6.71,10.24,3.09,24.03,,,0
Stage 05b,Microsservicos com gateway pareado (controle),1,high,list_orders,70.59,207.78,333.34,641.52,104.27,1737.98,,,0
Stage 05b,Microsservicos com gateway pareado (controle),1,todos,todos,7.47,71.57,138.83,377.7,30.77,2173.02,1836.0,1873065,0.661
Stage 05b,Microsservicos com gateway pareado (controle),1,todos,get_user,5.59,32.19,48.29,91.51,12.62,346.54,,,0
Stage 05b,Microsservicos com gateway pareado (controle),1,todos,list_orders,14.74,152.05,214.63,518.75,57.62,1737.98,,,0
Stage 05b,Microsservicos com gateway pareado (controle),1,todos,list_products,5.79,32.89,49.21,92.87,12.92,348.65,,,0
Stage 05b,Microsservicos com gateway pareado (controle),1,high,get_inventory,11.96,44.1,63.17,108.75,19.5,334.57,,,0
Stage 05b,Microsservicos com gateway pareado (controle),1,medium,get_product,1.9,4.29,5.53,9.48,2.44,59.84,,,0
Stage 05b,Microsservicos com gateway pareado (controle),1,low,todos,2.21,6.81,9.03,14.26,3.23,36.05,,,
Stage 05b,Microsservicos com gateway pareado (controle),1,medium,post_order,8.31,17.63,21.36,30.27,10.13,93.6,,,4.397
Stage 05b,Microsservicos com gateway pareado (controle),1,low,get_inventory,1.94,3.74,4.8,7.19,2.3,20.76,,,0
Stage 05b,Microsservicos com gateway pareado (controle),1,low,get_user,1.89,3.81,4.86,7.73,2.27,23.04,,,0
Stage 05b,Microsservicos com gateway pareado (controle),1,low,get_product,1.88,3.8,4.94,7.72,2.27,22.9,,,0
Stage 05b,Microsservicos com gateway pareado (controle),1,medium,get_inventory,1.94,4.24,5.52,9.57,2.49,59.13,,,0
Stage 05b,Microsservicos com gateway pareado (controle),1,medium,list_orders,2.52,5.72,7.48,12.53,3.25,67.34,,,0
Stage 05b,Microsservicos com gateway pareado (controle),1,low,post_order,7.19,12.74,15.03,20.26,8.05,36.05,,,4.397
Stage 05b,Microsservicos com gateway pareado (controle),1,high,list_products,13.88,47.19,66.1,110.46,21.34,348.65,,,0
Stage 05b,Microsservicos com gateway pareado (controle),1,high,todos,19.02,131.72,206.68,550.55,53.37,2173.02,,,
Stage 05b,Microsservicos com gateway pareado (controle),1,high,get_user,13.47,46.27,64.54,109.38,20.84,346.54,,,0
Stage 05b,Microsservicos com gateway pareado (controle),1,todos,post_order,36.63,249.13,391.52,880.06,103.31,2173.02,,,4.397
Stage 05b,Microsservicos com gateway pareado (controle),1,medium,todos,2.23,7.8,11.54,20.35,3.68,93.6,,,
Stage 05b,Microsservicos com gateway pareado (controle),1,todos,get_product,5.72,32.81,48.99,92.77,12.85,348.86,,,0
Stage 05b,Microsservicos com gateway pareado (controle),1,low,list_products,1.91,3.88,4.97,7.85,2.3,23.72,,,0
Stage 05b,Microsservicos com gateway pareado (controle),2,medium,get_inventory,1.95,4.14,5.34,8.79,2.44,50.66,,,0
Stage 05b,Microsservicos com gateway pareado (controle),2,low,todos,2.2,6.79,8.94,14.33,3.22,35.88,,,
Stage 05b,Microsservicos com gateway pareado (controle),2,todos,post_order,35.6,284.21,384.97,793.53,108.38,2022.9,,,2.794
Stage 05b,Microsservicos com gateway pareado (controle),2,low,get_product,1.87,3.8,4.92,7.95,2.27,35.88,,,0
Stage 05b,Microsservicos com gateway pareado (controle),2,medium,get_user,1.88,4.13,5.33,8.85,2.37,48.28,,,0
Stage 05b,Microsservicos com gateway pareado (controle),2,medium,todos,2.21,7.64,11.43,20.16,3.63,85.44,,,
Stage 05b,Microsservicos com gateway pareado (controle),2,medium,list_products,1.9,4.2,5.43,8.95,2.41,47.25,,,0
Stage 05b,Microsservicos com gateway pareado (controle),2,low,get_user,1.87,3.83,4.87,7.59,2.25,19.04,,,0
Stage 05b,Microsservicos com gateway pareado (controle),2,medium,post_order,8.23,17.86,21.41,29.54,10.13,85.44,,,2.794
Stage 05b,Microsservicos com gateway pareado (controle),2,todos,list_products,5.71,32.82,49.16,93.36,12.9,331.35,,,0
Stage 05b,Microsservicos com gateway pareado (controle),2,todos,get_product,5.64,32.9,49.06,92.97,12.84,299.47,,,0
Stage 05b,Microsservicos com gateway pareado (controle),2,low,list_orders,2.53,5.28,6.76,10.37,3.05,18.79,,,0
Stage 05b,Microsservicos com gateway pareado (controle),2,high,post_order,154.61,372.85,529.44,942.03,192.58,2022.9,,,2.794
Stage 05b,Microsservicos com gateway pareado (controle),2,high,list_products,14.12,47.6,65.68,112.13,21.62,331.35,,,0
Stage 05b,Microsservicos com gateway pareado (controle),2,high,get_user,13.76,46.94,65.09,110.44,21.24,332.06,,,0
Stage 05b,Microsservicos com gateway pareado (controle),2,low,get_inventory,1.94,3.74,4.75,7.43,2.29,15.21,,,0
Stage 05b,Microsservicos com gateway pareado (controle),2,high,get_product,14.21,47.65,65.19,111.24,21.61,299.47,,,0
Stage 05b,Microsservicos com gateway pareado (controle),2,low,list_products,1.9,3.87,4.98,7.85,2.29,28.95,,,0
Stage 05b,Microsservicos com gateway pareado (controle),2,todos,get_user,5.51,32.39,48.47,92.55,12.67,332.06,,,0
Stage 05b,Microsservicos com gateway pareado (controle),2,high,todos,19.43,162.73,247.41,547.7,57.92,2022.9,,,
Stage 05b,Microsservicos com gateway pareado (controle),2,todos,get_inventory,5.05,30.01,45.94,90.39,11.88,352.26,,,0
Stage 05b,Microsservicos com gateway pareado (controle),2,medium,get_product,1.89,4.17,5.38,8.75,2.39,48.34,,,0
Stage 05b,Microsservicos com gateway pareado (controle),2,low,post_order,7.12,12.76,15.2,20.07,8.01,34.52,,,2.794
Stage 05b,Microsservicos com gateway pareado (controle),2,high,list_orders,92.49,252.25,423.17,840.27,130.98,1699.67,,,0
Stage 05b,Microsservicos com gateway pareado (controle),2,todos,list_orders,14.23,189.98,258.5,667.83,70.85,1699.67,,,0
Stage 05b,Microsservicos com gateway pareado (controle),2,high,get_inventory,12.36,44.26,63.07,109.03,19.81,352.26,,,0
Stage 05b,Microsservicos com gateway pareado (controle),2,todos,todos,7.4,75.49,169.9,395.67,32.85,2022.9,1807.5,1843856,0.42
Stage 05b,Microsservicos com gateway pareado (controle),2,medium,list_orders,2.49,5.61,7.19,11.81,3.17,57.13,,,0
Stage 05b,Microsservicos com gateway pareado (controle),3,medium,get_user,1.84,4.05,5.23,8.77,2.35,108.83,,,0
Stage 05b,Microsservicos com gateway pareado (controle),3,medium,list_products,1.86,4.07,5.29,8.91,2.37,112.61,,,0
Stage 05b,Microsservicos com gateway pareado (controle),3,todos,get_product,5.54,31.28,47.46,91.76,12.45,293.4,,,0
Stage 05b,Microsservicos com gateway pareado (controle),3,low,get_inventory,1.93,3.73,4.69,7.54,2.29,20.63,,,0
Stage 05b,Microsservicos com gateway pareado (controle),3,todos,get_inventory,4.92,28.6,44.73,89.77,11.52,295.97,,,0
Stage 05b,Microsservicos com gateway pareado (controle),3,high,post_order,125.27,376.55,598.34,1034.35,180.27,2199.26,,,4.578
Stage 05b,Microsservicos com gateway pareado (controle),3,low,list_orders,2.57,5.12,6.45,10.14,3.04,29.34,,,0
Stage 05b,Microsservicos com gateway pareado (controle),3,high,list_orders,68.2,198.29,323.48,622.07,101.0,1746.79,,,0
Stage 05b,Microsservicos com gateway pareado (controle),3,low,get_user,1.88,3.86,4.87,7.92,2.27,29.59,,,0
Stage 05b,Microsservicos com gateway pareado (controle),3,high,get_user,12.95,44.41,62.64,110.93,20.22,300.81,,,0
Stage 05b,Microsservicos com gateway pareado (controle),3,medium,list_orders,2.45,5.45,7.04,11.6,3.13,122.76,,,0
Stage 05b,Microsservicos com gateway pareado (controle),3,low,list_products,1.91,3.87,4.98,8.02,2.3,23.09,,,0
Stage 05b,Microsservicos com gateway pareado (controle),3,high,get_inventory,11.56,42.52,60.24,109.12,18.84,295.97,,,0
Stage 05b,Microsservicos com gateway pareado (controle),3,high,todos,18.23,130.4,200.56,561.34,52.34,2199.26,,,
Stage 05b,Microsservicos com gateway pareado (controle),3,todos,todos,7.25,69.76,136.9,381.73,30.17,2199.26,1844.6,1881842,0.686
Stage 05b,Microsservicos com gateway pareado (controle),3,medium,post_order,8.08,16.84,20.6,30.19,9.88,173.61,,,4.578
Stage 05b,Microsservicos com gateway pareado (controle),3,medium,get_product,1.84,4.07,5.25,8.91,2.35,87.78,,,0
Stage 05b,Microsservicos com gateway pareado (controle),3,high,get_product,13.22,45.19,62.85,110.03,20.51,293.4,,,0
Stage 05b,Microsservicos com gateway pareado (controle),3,low,get_product,1.87,3.85,4.92,7.92,2.27,20.44,,,0
Stage 05b,Microsservicos com gateway pareado (controle),3,todos,list_products,5.6,31.52,47.54,91.64,12.53,302.84,,,0
Stage 05b,Microsservicos com gateway pareado (controle),3,medium,get_inventory,1.89,3.97,5.12,8.58,2.37,91.1,,,0
Stage 05b,Microsservicos com gateway pareado (controle),3,high,list_products,13.28,45.21,63.4,109.81,20.56,302.84,,,0
Stage 05b,Microsservicos com gateway pareado (controle),3,todos,list_orders,14.5,145.85,203.96,517.21,55.65,1746.79,,,0
Stage 05b,Microsservicos com gateway pareado (controle),3,todos,get_user,5.44,30.92,46.77,91.67,12.31,300.81,,,0
Stage 05b,Microsservicos com gateway pareado (controle),3,todos,post_order,36.67,242.86,401.16,878.17,102.52,2199.26,,,4.578
Stage 05b,Microsservicos com gateway pareado (controle),3,medium,todos,2.15,7.48,11.0,19.53,3.56,173.61,,,
Stage 05b,Microsservicos com gateway pareado (controle),3,low,todos,2.2,6.78,8.99,14.22,3.22,42.8,,,
Stage 05b,Microsservicos com gateway pareado (controle),3,low,post_order,7.12,12.66,14.96,20.23,8.0,42.8,,,4.578
